web-scraper-order,web-scraper-start-url,name,price,adress,im_link-src
"1717201643-1","https://sn.coinafrique.com/categorie/autres-animaux?page=5","Oies","80 000CFA","Diourbel, Sénégal","https://images.coinafrique.com/thumb_2550824_uploaded_image1_1597673774.jpg"
"1717201643-2","https://sn.coinafrique.com/categorie/autres-animaux?page=5","Vaches hollandaises","Prix sur demande","Saint Louis, Sénégal","https://images.coinafrique.com/thumb_2434087_uploaded_image1_1594647765.jpg"
"1717201643-3","https://sn.coinafrique.com/categorie/autres-animaux?page=5","Géniteur hollandais Holstein","1 200 000CFA","Mboro, Sénégal","https://images.coinafrique.com/thumb_2430101_uploaded_image1_1594560513.jpg"
"1717201643-4","https://sn.coinafrique.com/categorie/autres-animaux?page=5","Dindes","Prix sur demande","Mbour, Sénégal","https://images.coinafrique.com/thumb_2421638_uploaded_image1_1594369039.jpg"
"1717201643-5","https://sn.coinafrique.com/categorie/autres-animaux?page=5","Souris blanc","Prix sur demande","Hann Bel-Air, Dakar, Sénégal","https://images.coinafrique.com/thumb_2407511_uploaded_image1_1594131854.jpg"
"1717201643-6","https://sn.coinafrique.com/categorie/autres-animaux?page=5","Couples Paons","250 000CFA","Keur Massar, Sénégal","https://images.coinafrique.com/thumb_2394305_uploaded_image2_1593898972.jpeg"
"1717201643-7","https://sn.coinafrique.com/categorie/autres-animaux?page=5","Chat blanc turc","150 000CFA","Mermoz-Sacré Coeur, Dakar, Sénégal","https://images.coinafrique.com/thumb_2388043_uploaded_image1_1593787521.jpg"
"1717201643-8","https://sn.coinafrique.com/categorie/autres-animaux?page=5","Dinde","20 000CFA","Dakar, Sénégal","https://images.coinafrique.com/thumb_2351112_uploaded_image1_1593181120.jpg"
"1717201643-9","https://sn.coinafrique.com/categorie/autres-animaux?page=5","Hamster","15 000CFA","Dakar, Sénégal","https://images.coinafrique.com/thumb_2323881_uploaded_image1_1592771877.jpg"
"1717201643-10","https://sn.coinafrique.com/categorie/autres-animaux?page=5","Kittens / chatons","90 000CFA","Yoff, Dakar, Sénégal","https://images.coinafrique.com/thumb_2319268_uploaded_image1_1592689460.jpg"
"1717201643-11","https://sn.coinafrique.com/categorie/autres-animaux?page=5","Perruches","Prix sur demande","Point E, Dakar, Sénégal","https://images.coinafrique.com/thumb_2296024_uploaded_image1_1592332889.jpg"
"1717201643-12","https://sn.coinafrique.com/categorie/autres-animaux?page=5","Oies","130 000CFA","Medina, Dakar, Sénégal","https://images.coinafrique.com/thumb_2281845_uploaded_image1_1592124037.jpg"
"1717201643-13","https://sn.coinafrique.com/categorie/autres-animaux?page=5","Vache","Prix sur demande","Dakar, Sénégal","https://images.coinafrique.com/thumb_2276153_uploaded_image1_1592008517.jpg"
"1717201643-14","https://sn.coinafrique.com/categorie/autres-animaux?page=5","Oies","1 000CFA","Dakar, Sénégal","https://images.coinafrique.com/thumb_2275120_uploaded_image1_1591990153.jpg"
"1717201643-15","https://sn.coinafrique.com/categorie/autres-animaux?page=5","Taureau Nélore","Prix sur demande","Guediawaye, Dakar, Sénégal","https://images.coinafrique.com/thumb_2251055_uploaded_image1_1591656431.jpg"
"1717201643-16","https://sn.coinafrique.com/categorie/autres-animaux?page=5","Chaton york chocolat","150 000CFA","Dakar, Sénégal","https://images.coinafrique.com/thumb_2240976_uploaded_image1_1591487576.jpg"
"1717201643-17","https://sn.coinafrique.com/categorie/autres-animaux?page=5","Boeufs","600 000CFA","Bambey, Sénégal","https://images.coinafrique.com/thumb_2239779_uploaded_image1_1591466346.jpg"
"1717201643-18","https://sn.coinafrique.com/categorie/autres-animaux?page=5","Poussins brahman et cochin","Prix sur demande","Keur Massar, Sénégal","https://images.coinafrique.com/thumb_2230369_uploaded_image1_1591316836.jpg"
"1717201643-19","https://sn.coinafrique.com/categorie/autres-animaux?page=5","Boeufs","Prix sur demande","Dakar, Sénégal","https://images.coinafrique.com/thumb_2161624_uploaded_image1_1590236359.jpg"
"1717201643-20","https://sn.coinafrique.com/categorie/autres-animaux?page=5","Bœuf élevage","750 000CFA","Guediawaye, Dakar, Sénégal","https://images.coinafrique.com/thumb_2147334_uploaded_image1_1590007941.jpg"
"1717201643-21","https://sn.coinafrique.com/categorie/autres-animaux?page=5","Boeuf","Prix sur demande","Fann, Dakar, Sénégal","https://images.coinafrique.com/thumb_2101700_uploaded_image1_1589308300.jpg"
"1717201643-22","https://sn.coinafrique.com/categorie/autres-animaux?page=5","Perruches","Prix sur demande","Sénégal","https://images.coinafrique.com/thumb_2101033_uploaded_image1_1589299004.8.jpeg"
"1717201643-23","https://sn.coinafrique.com/categorie/autres-animaux?page=5","Perruches","Prix sur demande","Sénégal","https://images.coinafrique.com/thumb_2100432_uploaded_image1_1589292193.8.jpeg"
"1717201643-24","https://sn.coinafrique.com/categorie/autres-animaux?page=5","Perruches","Prix sur demande","Sénégal","https://images.coinafrique.com/thumb_2100423_uploaded_image1_1589292099.81.jpeg"
"1717201643-25","https://sn.coinafrique.com/categorie/autres-animaux?page=5","Boeuf","Prix sur demande","Sicap Liberté, Dakar, Sénégal","https://images.coinafrique.com/thumb_2088141_uploaded_image1_1589099089.jpg"
"1717201643-26","https://sn.coinafrique.com/categorie/autres-animaux?page=5","Chèvre Race Boer","650 000CFA","Patte d'oie, Dakar, Sénégal","https://images.coinafrique.com/thumb_2061898_uploaded_image1_1588694077.jpg"
"1717201643-27","https://sn.coinafrique.com/categorie/autres-animaux?page=5","Chaton persan blanc","Prix sur demande","Fann, Dakar, Sénégal","https://images.coinafrique.com/thumb_2052355_uploaded_image1_1588568181.jpg"
"1717201643-28","https://sn.coinafrique.com/categorie/autres-animaux?page=5","Chaton persan chinchilla","Prix sur demande","Fann, Dakar, Sénégal","https://images.coinafrique.com/thumb_2025374_uploaded_image1_1588119661.jpg"
"1717201643-29","https://sn.coinafrique.com/categorie/autres-animaux?page=5","Boeuf","475CFA","Dakar Plateau, Dakar, Sénégal","https://images.coinafrique.com/thumb_1998573_uploaded_image1_1587685670.89.jpeg"
"1717201643-30","https://sn.coinafrique.com/categorie/autres-animaux?page=5","Perruches","20 000CFA","Sénégal","https://images.coinafrique.com/thumb_1963549_uploaded_image1_1587144116.43.jpeg"
"1717201643-31","https://sn.coinafrique.com/categorie/autres-animaux?page=5","Chaton","Prix sur demande","Fann, Dakar, Sénégal","https://images.coinafrique.com/thumb_1962491_uploaded_image1_1587134135.76.jpeg"
"1717201643-32","https://sn.coinafrique.com/categorie/autres-animaux?page=5","Bœufs","Prix sur demande","Diourbel, Sénégal","https://images.coinafrique.com/thumb_1954085_uploaded_image1_1587026162.65.jpeg"
"1717201643-33","https://sn.coinafrique.com/categorie/autres-animaux?page=5","Vaches","Prix sur demande","Diourbel, Sénégal","https://images.coinafrique.com/thumb_1935629_uploaded_image1_1586731094.02.png"
"1717201643-34","https://sn.coinafrique.com/categorie/autres-animaux?page=5","Chaton Persan","Prix sur demande","Fann, Dakar, Sénégal","https://images.coinafrique.com/thumb_1935403_uploaded_image1_1586726495.69.png"
"1717201643-35","https://sn.coinafrique.com/categorie/autres-animaux?page=5","Perruches","Prix sur demande","Fann, Dakar, Sénégal","https://images.coinafrique.com/thumb_1934309_uploaded_image1_1586712626.03.png"
"1717201643-36","https://sn.coinafrique.com/categorie/autres-animaux?page=5","Chat Siamois","Prix sur demande","Fann, Dakar, Sénégal","https://images.coinafrique.com/thumb_1899735_uploaded_image1_1586139854.78.png"
"1717201643-37","https://sn.coinafrique.com/categorie/autres-animaux?page=5","Dindon rouge","30 000CFA","Mermoz-Sacré-Cœur, Dakar, Sénégal","https://images.coinafrique.com/thumb_1890125_uploaded_image1_1585933665.81.png"
"1717201643-38","https://sn.coinafrique.com/categorie/autres-animaux?page=5","Chat siamois","350 000CFA","Dakar, Sénégal","https://images.coinafrique.com/thumb_1825906_uploaded_image2_1584739800.55.png"
"1717201643-39","https://sn.coinafrique.com/categorie/autres-animaux?page=5","Bœuf","600 000CFA","Keur Massar, Sénégal","https://images.coinafrique.com/thumb_1606230_uploaded_image1_1581008311.59.png"
"1717201643-40","https://sn.coinafrique.com/categorie/autres-animaux?page=5","Boeufs","750 000CFA","Tambacounda, Sénégal","https://images.coinafrique.com/thumb_1544433_uploaded_image1_1580089804.86.png"
"1717201643-41","https://sn.coinafrique.com/categorie/autres-animaux?page=5","Couple de chèvre","Prix sur demande","Dakar, Sénégal","https://images.coinafrique.com/thumb_1521675_uploaded_image1_1579700066.65.png"
"1717201643-42","https://sn.coinafrique.com/categorie/autres-animaux?page=5","Vaches","275 000CFA","Rufisque, Sénégal","https://images.coinafrique.com/thumb_1500655_uploaded_image1_1579358078.9.png"
"1717201643-43","https://sn.coinafrique.com/categorie/autres-animaux?page=5","Bœuf","700 000CFA","Saint Louis, Sénégal","https://images.coinafrique.com/thumb_1495773_uploaded_image1_1579276951.77.png"
"1717201643-44","https://sn.coinafrique.com/categorie/autres-animaux?page=5","Dindes - canards et colverts","Prix sur demande","Dakar, Sénégal","https://images.coinafrique.com/thumb_1490889_uploaded_image1_1579188174.8.png"
"1717201643-45","https://sn.coinafrique.com/categorie/autres-animaux?page=5","Biscuit en poudre pour betail","4 000CFA","Patte d'oie, Dakar, Sénégal","https://images.coinafrique.com/thumb_1459836_uploaded_image1_1578670978.71.png"
"1717201643-46","https://sn.coinafrique.com/categorie/autres-animaux?page=5","Perruches","Prix sur demande","Point E, Dakar, Sénégal","https://images.coinafrique.com/thumb_1453837_uploaded_image1_1578583493.67.png"
"1717201643-47","https://sn.coinafrique.com/categorie/autres-animaux?page=5","Perruches","Prix sur demande","Point E, Dakar, Sénégal","https://images.coinafrique.com/thumb_1453830_uploaded_image1_1578583361.91.png"
"1717201643-48","https://sn.coinafrique.com/categorie/autres-animaux?page=5","Perruches","Prix sur demande","Mermoz-Sacré-Cœur, Dakar, Sénégal","https://images.coinafrique.com/thumb_1441558_uploaded_image1_1578406878.24.png"
"1717201643-49","https://sn.coinafrique.com/categorie/autres-animaux?page=5","Oies toulouse","Prix sur demande","Fass, Dakar, Sénégal","https://images.coinafrique.com/thumb_1428089_uploaded_image1_1578172839.3.png"
"1717201643-50","https://sn.coinafrique.com/categorie/autres-animaux?page=5","Cheval","400 000CFA","Fatick, Sénégal","https://images.coinafrique.com/thumb_1421206_uploaded_image2_1578050744.82.png"
"1717201643-51","https://sn.coinafrique.com/categorie/autres-animaux?page=5","Cheval","400 000CFA","Fatick, Sénégal","https://images.coinafrique.com/thumb_1421196_uploaded_image1_1578050637.48.png"
"1717201643-52","https://sn.coinafrique.com/categorie/autres-animaux?page=5","Oies de guinée","Prix sur demande","Thies, Sénégal","https://images.coinafrique.com/thumb_1417652_uploaded_image1_1577968881.34.png"
"1717201643-53","https://sn.coinafrique.com/categorie/autres-animaux?page=5","Perruches","Prix sur demande","Dakar, Sénégal","https://images.coinafrique.com/thumb_1395711_uploaded_image1_1577438640.7.png"
"1717201643-54","https://sn.coinafrique.com/categorie/autres-animaux?page=5","Perruches","Prix sur demande","Mermoz-Sacré-Cœur, Dakar, Sénégal","https://images.coinafrique.com/thumb_1395598_uploaded_image1_1577437294.33.png"
"1717201643-55","https://sn.coinafrique.com/categorie/autres-animaux?page=5","Oiseaux exotiques","20 000CFA","Dakar, Sénégal","https://images.coinafrique.com/thumb_1393968_uploaded_image1_1577393598.45.png"
"1717201643-56","https://sn.coinafrique.com/categorie/autres-animaux?page=5","Perruches","Prix sur demande","Dakar, Sénégal","https://images.coinafrique.com/thumb_1389654_uploaded_image1_1577304861.89.png"
"1717201643-57","https://sn.coinafrique.com/categorie/autres-animaux?page=5","Cailles","12 000CFA","Mermoz-Sacré-Cœur, Dakar, Sénégal","https://images.coinafrique.com/thumb_1376905_uploaded_image1_1577034747.91.png"
"1717201643-58","https://sn.coinafrique.com/categorie/autres-animaux?page=5","Oies","Prix sur demande","Fass, Dakar, Sénégal","https://images.coinafrique.com/thumb_1322739_uploaded_image1_1576006817.07.png"
"1717201643-59","https://sn.coinafrique.com/categorie/autres-animaux?page=5","Oies","60 000CFA","Fass, Dakar, Sénégal","https://images.coinafrique.com/thumb_1311792_uploaded_image1_1575817543.97.png"
"1717201643-60","https://sn.coinafrique.com/categorie/autres-animaux?page=5","Paon bleu","Prix sur demande","Parcelle Assainies, Dakar, Sénégal","https://images.coinafrique.com/thumb_1310387_uploaded_image1_1575790267.47.png"
"1717201643-61","https://sn.coinafrique.com/categorie/autres-animaux?page=5","Bœufs","350 000CFA","Sénégal","https://images.coinafrique.com/thumb_1198114_uploaded_image1_1573729988.56.png"
"1717201643-62","https://sn.coinafrique.com/categorie/autres-animaux?page=5","Boeuf","Prix sur demande","Dakar, Sénégal","https://images.coinafrique.com/thumb_1129419_uploaded_image1_1572391697.86.png"
"1717201643-63","https://sn.coinafrique.com/categorie/autres-animaux?page=5","Mouton ladoum pure sang","Prix sur demande","Sénégal","https://images.coinafrique.com/thumb_1011139_uploaded_image1_1569950027.26.png"
"1717201643-64","https://sn.coinafrique.com/categorie/autres-animaux?page=5","Oies  bourbonaises","50 000CFA","Thies, Sénégal","https://images.coinafrique.com/thumb_990474_uploaded_image1_1569491306.15.png"
"1717201643-65","https://sn.coinafrique.com/categorie/autres-animaux?page=5","Caille","1 000CFA","Grand Yoff, Dakar, Sénégal","https://images.coinafrique.com/thumb_931708_uploaded_image1_1568194736.45.png"
"1717201643-66","https://sn.coinafrique.com/categorie/autres-animaux?page=5","Verrat de race Large white","200 000CFA","Sénégal","https://images.coinafrique.com/thumb_929881_uploaded_image1_1568141260.81.png"
"1717201643-67","https://sn.coinafrique.com/categorie/autres-animaux?page=5","Chèvre Balami","200 000CFA","Saint Louis, Sénégal","https://images.coinafrique.com/thumb_917895_uploaded_image1_1567801722.96.png"
"1717201643-68","https://sn.coinafrique.com/categorie/autres-animaux?page=5","Bœuf","400 000CFA","Guediawaye, Dakar, Sénégal","https://images.coinafrique.com/thumb_885779_uploaded_image2_1566997623.56.png"
"1717201643-69","https://sn.coinafrique.com/categorie/autres-animaux?page=5","Poisson d'aquarium","35 000CFA","Sénégal","https://images.coinafrique.com/thumb_863425_uploaded_image1_1566425287.55.png"
"1717201643-70","https://sn.coinafrique.com/categorie/autres-animaux?page=5","Perruches","Prix sur demande","Sénégal","https://images.coinafrique.com/thumb_845280_uploaded_image1_1565952077.54.png"
"1717201643-71","https://sn.coinafrique.com/categorie/autres-animaux?page=5","Perruches","20 000CFA","Sénégal","https://images.coinafrique.com/thumb_831324_uploaded_image1_1565464342.82.png"
"1717201643-72","https://sn.coinafrique.com/categorie/autres-animaux?page=5","Carpe Koï Japonaise ( Aquarium)","50 000CFA","Dakar-Plateau, Dakar, Sénégal","https://images.coinafrique.com/thumb_827220_uploaded_image1_1565349629.12.png"
"1717201643-73","https://sn.coinafrique.com/categorie/autres-animaux?page=5","Perruches","Prix sur demande","Point E, Dakar, Sénégal","https://images.coinafrique.com/thumb_751123_uploaded_image1_1563297186.25.png"
"1717201648-74","https://sn.coinafrique.com/categorie/autres-animaux?page=4","Bœuf","1 200 000CFA","Guediawaye, Dakar, Sénégal","https://images.coinafrique.com/thumb_3330908_uploaded_image1_1631459213.jpg"
"1717201648-75","https://sn.coinafrique.com/categorie/autres-animaux?page=4","Perruche","24 000CFA","Hann Bel-Air, Dakar, Sénégal","https://images.coinafrique.com/thumb_3321530_uploaded_image1_1631021949.jpg"
"1717201648-76","https://sn.coinafrique.com/categorie/autres-animaux?page=4","Cailleteaux","400CFA","Parcelle Assainies, Dakar, Sénégal","https://images.coinafrique.com/thumb_3319946_uploaded_image1_1630948417.jpg"
"1717201648-77","https://sn.coinafrique.com/categorie/autres-animaux?page=4","Caille","2 500CFA","Parcelle Assainies, Dakar, Sénégal","https://images.coinafrique.com/thumb_3319937_uploaded_image1_1630948254.jpg"
"1717201648-78","https://sn.coinafrique.com/categorie/autres-animaux?page=4","Veaux","Prix sur demande","Dieuppeul-Derklé, Dakar, Sénégal","https://images.coinafrique.com/thumb_3318063_uploaded_image1_1630865928.jpg"
"1717201648-79","https://sn.coinafrique.com/categorie/autres-animaux?page=4","Oie guinéen","100 000CFA","Dakar, Sénégal","https://images.coinafrique.com/thumb_3316816_uploaded_image1_1630785391.jpg"
"1717201648-80","https://sn.coinafrique.com/categorie/autres-animaux?page=4","Oie gardien","90 000CFA","Dakar, Sénégal","https://images.coinafrique.com/thumb_3316810_uploaded_image1_1630785291.jpg"
"1717201648-81","https://sn.coinafrique.com/categorie/autres-animaux?page=4","Chèvre mâle","Prix sur demande","Mermoz-Sacré Coeur, Dakar, Sénégal","https://images.coinafrique.com/thumb_3315646_uploaded_image1_1630745395.jpg"
"1717201648-82","https://sn.coinafrique.com/categorie/autres-animaux?page=4","Bœuf","550 000CFA","Keur Massar, Sénégal","https://images.coinafrique.com/thumb_3301055_uploaded_image1_1630069573.jpg"
"1717201648-83","https://sn.coinafrique.com/categorie/autres-animaux?page=4","Boeuf","600 000CFA","Keur Massar, Sénégal","https://images.coinafrique.com/thumb_3301003_uploaded_image1_1630067929.jpg"
"1717201648-84","https://sn.coinafrique.com/categorie/autres-animaux?page=4","Vache","600 000CFA","Niaga, Sénégal","https://images.coinafrique.com/thumb_3287171_uploaded_image1_1629317948.jpg"
"1717201648-85","https://sn.coinafrique.com/categorie/autres-animaux?page=4","Vache","600 000CFA","Niaga, Sénégal","https://images.coinafrique.com/thumb_3287170_uploaded_image1_1629317800.jpg"
"1717201648-86","https://sn.coinafrique.com/categorie/autres-animaux?page=4","Boeuf","650 000CFA","Grand Dakar, Dakar, Sénégal","https://images.coinafrique.com/thumb_3282945_uploaded_image1_1629127993.jpg"
"1717201648-87","https://sn.coinafrique.com/categorie/autres-animaux?page=4","Oies adultes","130 000CFA","Guediawaye, Dakar, Sénégal","https://images.coinafrique.com/thumb_3273490_uploaded_image1_1628621055.jpg"
"1717201648-88","https://sn.coinafrique.com/categorie/autres-animaux?page=4","Taureau","450 000CFA","Parcelle Assainies, Dakar, Sénégal","https://images.coinafrique.com/thumb_3271377_uploaded_image1_1628524523.jpg"
"1717201648-89","https://sn.coinafrique.com/categorie/autres-animaux?page=4","Taureau","740 000CFA","Dieuppeul-Derklé, Dakar, Sénégal","https://images.coinafrique.com/thumb_3269989_uploaded_image1_1628451897.jpg"
"1717201648-90","https://sn.coinafrique.com/categorie/autres-animaux?page=4","Taureau","740 000CFA","Dieuppeul-Derklé, Dakar, Sénégal","https://images.coinafrique.com/thumb_3263210_uploaded_image1_1628122860.jpg"
"1717201648-91","https://sn.coinafrique.com/categorie/autres-animaux?page=4","Poisson aquarium","12 000CFA","Dakar Plateau, Dakar, Sénégal","https://images.coinafrique.com/thumb_3256827_uploaded_image1_1627902901.jpg"
"1717201648-92","https://sn.coinafrique.com/categorie/autres-animaux?page=4","Chaton","Prix sur demande","Mermoz-Sacré Coeur, Dakar, Sénégal","https://images.coinafrique.com/thumb_3254310_uploaded_image1_1627784670.jpg"
"1717201648-93","https://sn.coinafrique.com/categorie/autres-animaux?page=4","Bœufs","740 000CFA","Dieuppeul-Derklé, Dakar, Sénégal","https://images.coinafrique.com/thumb_3253864_uploaded_image1_1627751756.jpg"
"1717201648-94","https://sn.coinafrique.com/categorie/autres-animaux?page=4","Perruche ondulée","15 000CFA","Point E, Dakar, Sénégal","https://images.coinafrique.com/thumb_3243586_uploaded_image1_1627157324.jpg"
"1717201648-95","https://sn.coinafrique.com/categorie/autres-animaux?page=4","Bœufs","Prix sur demande","Dieuppeul-Derklé, Dakar, Sénégal","https://images.coinafrique.com/thumb_3240329_uploaded_image1_1626964752.jpg"
"1717201648-96","https://sn.coinafrique.com/categorie/autres-animaux?page=4","Chatons 2 et 3 mois","Prix sur demande","Grand Dakar, Dakar, Sénégal","https://images.coinafrique.com/thumb_3222114_uploaded_image1_1626003610.jpg"
"1717201648-97","https://sn.coinafrique.com/categorie/autres-animaux?page=4","Perruches ondulées","20 000CFA","Point E, Dakar, Sénégal","https://images.coinafrique.com/thumb_3215371_uploaded_image1_1625676061.jpg"
"1717201648-98","https://sn.coinafrique.com/categorie/autres-animaux?page=4","Oies","60 000CFA","Dakar, Sénégal","https://images.coinafrique.com/thumb_3172011_uploaded_image1_1623695650.jpg"
"1717201648-99","https://sn.coinafrique.com/categorie/autres-animaux?page=4","Oies","60 000CFA","Dakar, Sénégal","https://images.coinafrique.com/thumb_3172006_uploaded_image1_1623695521.jpg"
"1717201648-100","https://sn.coinafrique.com/categorie/autres-animaux?page=4","Cheval","450 000CFA","Pikine, Sénégal","https://images.coinafrique.com/thumb_3169679_uploaded_image1_1623583685.jpg"
"1717201648-101","https://sn.coinafrique.com/categorie/autres-animaux?page=4","Cailles","Prix sur demande","Touba, Sénégal","https://images.coinafrique.com/thumb_3169648_uploaded_image3_1623581190.jpeg"
"1717201648-102","https://sn.coinafrique.com/categorie/autres-animaux?page=4","Couple dinde","Prix sur demande","Touba, Sénégal","https://images.coinafrique.com/thumb_3169645_uploaded_image2_1623581040.jpeg"
"1717201648-103","https://sn.coinafrique.com/categorie/autres-animaux?page=4","Dinde","Prix sur demande","Touba, Sénégal","https://images.coinafrique.com/thumb_3165522_uploaded_image1_1623360382.jpg"
"1717201648-104","https://sn.coinafrique.com/categorie/autres-animaux?page=4","Paonneau","Prix sur demande","Mbao, Dakar, Sénégal","https://images.coinafrique.com/thumb_3164991_uploaded_image1_1623339895.jpg"
"1717201648-105","https://sn.coinafrique.com/categorie/autres-animaux?page=4","Rat","Prix sur demande","Almadies, Dakar, Sénégal","https://images.coinafrique.com/thumb_3156125_uploaded_image1_1622977662.jpg"
"1717201648-106","https://sn.coinafrique.com/categorie/autres-animaux?page=4","Poisson vivant","Prix sur demande","Yoff, Dakar, Sénégal","https://images.coinafrique.com/thumb_3140939_uploaded_image1_1622373784.jpg"
"1717201648-107","https://sn.coinafrique.com/categorie/autres-animaux?page=4","Boeuf","800 000CFA","Bambey, Sénégal","https://images.coinafrique.com/thumb_3140204_uploaded_image1_1622308324.jpg"
"1717201648-108","https://sn.coinafrique.com/categorie/autres-animaux?page=4","Oie géant","85 000CFA","Mbour, Sénégal","https://images.coinafrique.com/thumb_3133835_uploaded_image1_1621994387.jpg"
"1717201648-109","https://sn.coinafrique.com/categorie/autres-animaux?page=4","Couple colvert","30 000CFA","Dakar, Sénégal","https://images.coinafrique.com/thumb_3127244_uploaded_image1_1621622446.jpg"
"1717201648-110","https://sn.coinafrique.com/categorie/autres-animaux?page=4","Oiseaux exotiques","Prix sur demande","Dakar, Sénégal","https://images.coinafrique.com/thumb_3119376_uploaded_image1_1621259652.jpg"
"1717201648-111","https://sn.coinafrique.com/categorie/autres-animaux?page=4","Couple perruches ondulées","100 000CFA","Mermoz-Sacré Coeur, Dakar, Sénégal","https://images.coinafrique.com/thumb_3116528_uploaded_image1_1621091686.jpg"
"1717201648-112","https://sn.coinafrique.com/categorie/autres-animaux?page=4","Boeuf","600 000CFA","Dakar Plateau, Dakar, Sénégal","https://images.coinafrique.com/thumb_3101889_uploaded_image1_1620333721.jpg"
"1717201648-113","https://sn.coinafrique.com/categorie/autres-animaux?page=4","Vache","300 000CFA","HLM, Dakar, Sénégal","https://images.coinafrique.com/thumb_3095614_uploaded_image1_1620093462.jpg"
"1717201648-114","https://sn.coinafrique.com/categorie/autres-animaux?page=4","Trio dindes d’amérique","65 000CFA","Mbao, Dakar, Sénégal","https://images.coinafrique.com/thumb_3092550_uploaded_image1_1619979240.jpg"
"1717201648-115","https://sn.coinafrique.com/categorie/autres-animaux?page=4","Couple perruche arc en ciel","40 000CFA","Mermoz-Sacré Coeur, Dakar, Sénégal","https://images.coinafrique.com/thumb_3092218_uploaded_image1_1619966133.jpg"
"1717201648-116","https://sn.coinafrique.com/categorie/autres-animaux?page=4","Taureau - géniteur laitier","2 000 000CFA","Sicap Liberté, Dakar, Sénégal","https://images.coinafrique.com/thumb_3087054_uploaded_image1_1619718794.jpg"
"1717201648-117","https://sn.coinafrique.com/categorie/autres-animaux?page=4","Chaton","Prix sur demande","Almadies, Dakar, Sénégal","https://images.coinafrique.com/thumb_3054622_uploaded_image1_1618231466.jpg"
"1717201648-118","https://sn.coinafrique.com/categorie/autres-animaux?page=4","Cheval","650 000CFA","Dakar, Sénégal","https://images.coinafrique.com/thumb_3053064_uploaded_image1_1618156860.jpg"
"1717201648-119","https://sn.coinafrique.com/categorie/autres-animaux?page=4","Taureau géniteur laitier","2 000 000CFA","Sicap Liberté, Dakar, Sénégal","https://images.coinafrique.com/thumb_3039728_uploaded_image1_1617557251.jpg"
"1717201648-120","https://sn.coinafrique.com/categorie/autres-animaux?page=4","Oisillons","25 000CFA","Dakar, Sénégal","https://images.coinafrique.com/thumb_3026572_uploaded_image1_1617014695.jpg"
"1717201648-121","https://sn.coinafrique.com/categorie/autres-animaux?page=4","Oie adulte","80 000CFA","Dakar, Sénégal","https://images.coinafrique.com/thumb_3025291_uploaded_image1_1616933629.jpg"
"1717201648-122","https://sn.coinafrique.com/categorie/autres-animaux?page=4","Cheval","800 000CFA","Dakar, Sénégal","https://images.coinafrique.com/thumb_3012715_uploaded_image1_1616282777.jpg"
"1717201648-123","https://sn.coinafrique.com/categorie/autres-animaux?page=4","Bœuf","425 000CFA","Guediawaye, Dakar, Sénégal","https://images.coinafrique.com/thumb_3012014_uploaded_image1_1616250290.jpg"
"1717201648-124","https://sn.coinafrique.com/categorie/autres-animaux?page=4","Laor noir","35 000CFA","Mbour, Sénégal","https://images.coinafrique.com/thumb_3005811_uploaded_image1_1615937465.jpg"
"1717201648-125","https://sn.coinafrique.com/categorie/autres-animaux?page=4","Porc","2 500CFA","Dakar, Sénégal","https://images.coinafrique.com/thumb_3004606_uploaded_image1_1615897391.jpg"
"1717201648-126","https://sn.coinafrique.com/categorie/autres-animaux?page=4","Bouc","130 000CFA","Mbour, Sénégal","https://images.coinafrique.com/thumb_2995656_uploaded_image1_1615445384.jpg"
"1717201648-127","https://sn.coinafrique.com/categorie/autres-animaux?page=4","Bœuf","Prix sur demande","Dakar, Sénégal","https://images.coinafrique.com/thumb_2968890_uploaded_image1_1614172978.jpg"
"1717201648-128","https://sn.coinafrique.com/categorie/autres-animaux?page=4","Chaton Angora turque","160 000CFA","Grand Dakar, Dakar, Sénégal","https://images.coinafrique.com/thumb_2966724_uploaded_image1_1614082274.jpg"
"1717201648-129","https://sn.coinafrique.com/categorie/autres-animaux?page=4","Couple oie de toulouse adulte","85 000CFA","Mbour, Sénégal","https://images.coinafrique.com/thumb_2936871_uploaded_image1_1612659734.jpg"
"1717201648-130","https://sn.coinafrique.com/categorie/autres-animaux?page=4","Perroquet Sénégal avec cage","35 000CFA","Ngor, Dakar, Sénégal","https://images.coinafrique.com/thumb_2930350_uploaded_image1_1612388040.jpg"
"1717201648-131","https://sn.coinafrique.com/categorie/autres-animaux?page=4","Jument arabe","1 500 000CFA","Kébémer, Sénégal","https://images.coinafrique.com/thumb_2924412_uploaded_image1_1612197584.jpg"
"1717201648-132","https://sn.coinafrique.com/categorie/autres-animaux?page=4","Perruches - inséparables","12 500CFA","Parcelle Assainies, Dakar, Sénégal","https://images.coinafrique.com/thumb_2896567_uploaded_image1_1610914575.jpg"
"1717201648-133","https://sn.coinafrique.com/categorie/autres-animaux?page=4","Dinde rouge","70 000CFA","Louga, Sénégal","https://images.coinafrique.com/thumb_2888081_uploaded_image1_1610544422.jpg"
"1717201648-134","https://sn.coinafrique.com/categorie/autres-animaux?page=4","Chaton noir blanc","Prix sur demande","Mamelles, Dakar, Sénégal","https://images.coinafrique.com/thumb_2886750_uploaded_image1_1610486302.jpg"
"1717201648-135","https://sn.coinafrique.com/categorie/autres-animaux?page=4","Bouc race laitière","Prix sur demande","Saly, Sénégal","https://images.coinafrique.com/thumb_2881915_uploaded_image1_1610303521.jpg"
"1717201648-136","https://sn.coinafrique.com/categorie/autres-animaux?page=4","Canard Colvert","50 000CFA","Thies, Sénégal","https://images.coinafrique.com/thumb_2876451_uploaded_image1_1610052488.jpg"
"1717201648-137","https://sn.coinafrique.com/categorie/autres-animaux?page=4","Chatons","Prix sur demande","Grand Dakar, Dakar, Sénégal","https://images.coinafrique.com/thumb_2860327_uploaded_image1_1609342553.jpg"
"1717201648-138","https://sn.coinafrique.com/categorie/autres-animaux?page=4","Veau","250 000CFA","HLM, Dakar, Sénégal","https://images.coinafrique.com/thumb_2856538_uploaded_image1_1609162542.jpg"
"1717201648-139","https://sn.coinafrique.com/categorie/autres-animaux?page=4","Chaton angora","130 000CFA","Fann, Dakar, Sénégal","https://images.coinafrique.com/thumb_2851191_uploaded_image1_1608834265.jpg"
"1717201648-140","https://sn.coinafrique.com/categorie/autres-animaux?page=4","Vache","550 000CFA","Bambey, Sénégal","https://images.coinafrique.com/thumb_2846588_uploaded_image1_1608636321.jpg"
"1717201648-141","https://sn.coinafrique.com/categorie/autres-animaux?page=4","Chaton Angora Turc","100 000CFA","Dakar, Sénégal","https://images.coinafrique.com/thumb_2826620_uploaded_image1_1607777038.jpg"
"1717201648-142","https://sn.coinafrique.com/categorie/autres-animaux?page=4","Dinde d'amérique","Prix sur demande","Guediawaye, Dakar, Sénégal","https://images.coinafrique.com/thumb_2735977_uploaded_image1_1604436594.jpg"
"1717201648-143","https://sn.coinafrique.com/categorie/autres-animaux?page=4","Vache","300 000CFA","Louga, Sénégal","https://images.coinafrique.com/thumb_2709747_uploaded_image1_1603289227.jpg"
"1717201648-144","https://sn.coinafrique.com/categorie/autres-animaux?page=4","Canard","35 000CFA","Mamelles, Dakar, Sénégal","https://images.coinafrique.com/thumb_2703622_uploaded_image1_1603049550.jpg"
"1717201648-145","https://sn.coinafrique.com/categorie/autres-animaux?page=4","Olpliitone 20 jours","15 000CFA","Dakar, Sénégal","https://images.coinafrique.com/thumb_2701057_uploaded_image1_1602937383.jpg"
"1717201648-146","https://sn.coinafrique.com/categorie/autres-animaux?page=4","Âne Arabe","850 000CFA","Kébémer, Sénégal","https://images.coinafrique.com/thumb_2697117_uploaded_image1_1602773283.jpg"
"1717201648-147","https://sn.coinafrique.com/categorie/autres-animaux?page=4","Bœufs","250 000CFA","Louga, Sénégal","https://images.coinafrique.com/thumb_2694722_uploaded_image1_1602689183.jpg"
"1717201648-148","https://sn.coinafrique.com/categorie/autres-animaux?page=4","Bœufs","350 000CFA","Louga, Sénégal","https://images.coinafrique.com/thumb_2694720_uploaded_image1_1602689075.jpg"
"1717201648-149","https://sn.coinafrique.com/categorie/autres-animaux?page=4","Bœufs","350 000CFA","Louga, Sénégal","https://images.coinafrique.com/thumb_2694719_uploaded_image1_1602688985.jpg"
"1717201648-150","https://sn.coinafrique.com/categorie/autres-animaux?page=4","Vaches laitières","2 000 000CFA","Mbour, Sénégal","https://images.coinafrique.com/thumb_2687649_uploaded_image1_1602441772.jpg"
"1717201648-151","https://sn.coinafrique.com/categorie/autres-animaux?page=4","Chèvre Bouc de race","200 000CFA","Louga, Sénégal","https://images.coinafrique.com/thumb_2675855_uploaded_image1_1601992602.jpg"
"1717201648-152","https://sn.coinafrique.com/categorie/autres-animaux?page=4","Bouc chèvre","100 000CFA","Diamniadio, Sénégal","https://images.coinafrique.com/thumb_2673741_uploaded_image2_1601909107.jpeg"
"1717201648-153","https://sn.coinafrique.com/categorie/autres-animaux?page=4","Paon bleu","225 000CFA","Dakar, Sénégal","https://images.coinafrique.com/thumb_2663712_uploaded_image1_1601554766.jpg"
"1717201648-154","https://sn.coinafrique.com/categorie/autres-animaux?page=4","Chatons","Prix sur demande","Gorée, Dakar, Sénégal","https://images.coinafrique.com/thumb_2637004_uploaded_image1_1600508302.jpg"
"1717201648-155","https://sn.coinafrique.com/categorie/autres-animaux?page=4","Oie","100 000CFA","Mbour, Sénégal","https://images.coinafrique.com/thumb_2630503_uploaded_image1_1600266971.jpg"
"1717201648-156","https://sn.coinafrique.com/categorie/autres-animaux?page=4","Hamsters","15 000CFA","Dakar Plateau, Dakar, Sénégal","https://images.coinafrique.com/thumb_2588341_uploaded_image1_1598877302.jpg"
"1717201648-157","https://sn.coinafrique.com/categorie/autres-animaux?page=4","Oiseau Maknol","Prix sur demande","Kaffrine, Sénégal","https://images.coinafrique.com/thumb_2583338_uploaded_image1_1598650419.jpg"
"1717201653-158","https://sn.coinafrique.com/categorie/autres-animaux?page=3","Bœuf","750 000CFA","Niaga, Sénégal","https://images.coinafrique.com/thumb_3817866_uploaded_image1_1659784836.jpg"
"1717201653-159","https://sn.coinafrique.com/categorie/autres-animaux?page=3","Hamster dorée","15 000CFA","Sacré-Coeur, Dakar, Sénégal","https://images.coinafrique.com/thumb_3814562_uploaded_image1_1659613355.jpg"
"1717201653-160","https://sn.coinafrique.com/categorie/autres-animaux?page=3","Vache","1 000 000CFA","Bambey, Sénégal","https://images.coinafrique.com/thumb_3804681_uploaded_image1_1659094431.jpg"
"1717201653-161","https://sn.coinafrique.com/categorie/autres-animaux?page=3","Peruche ondulée","10 000CFA","Dakar Plateau, Dakar, Sénégal","https://images.coinafrique.com/thumb_3803986_uploaded_image1_1659036881.jpg"
"1717201653-162","https://sn.coinafrique.com/categorie/autres-animaux?page=3","Vache","Prix sur demande","Niaga, Sénégal","https://images.coinafrique.com/thumb_3798116_uploaded_image1_1658707333.jpg"
"1717201653-163","https://sn.coinafrique.com/categorie/autres-animaux?page=3","Cailles","Prix sur demande","Keur Massar, Sénégal","https://images.coinafrique.com/thumb_3797181_uploaded_image1_1658618385.jpg"
"1717201653-164","https://sn.coinafrique.com/categorie/autres-animaux?page=3","Chaton Persans Himalayens","250 000CFA","Sicap Liberté, Dakar, Sénégal","https://images.coinafrique.com/thumb_3788669_uploaded_image1_1658109770.jpg"
"1717201653-165","https://sn.coinafrique.com/categorie/autres-animaux?page=3","Veau","300 000CFA","Biscuiterie, Dakar, Sénégal","https://images.coinafrique.com/thumb_3784229_uploaded_image1_1657796861.jpg"
"1717201653-166","https://sn.coinafrique.com/categorie/autres-animaux?page=3","Hamster","15 000CFA","Sacré-Coeur, Dakar, Sénégal","https://images.coinafrique.com/thumb_3780966_uploaded_image1_1657566627.jpg"
"1717201653-167","https://sn.coinafrique.com/categorie/autres-animaux?page=3","Couple Hamster","45 000CFA","Dakar, Sénégal","https://images.coinafrique.com/thumb_3779809_uploaded_image1_1657474571.jpg"
"1717201653-168","https://sn.coinafrique.com/categorie/autres-animaux?page=3","Veaux","200 000CFA","Diamniadio, Sénégal","https://images.coinafrique.com/thumb_3775233_uploaded_image1_1657130525.jpg"
"1717201653-169","https://sn.coinafrique.com/categorie/autres-animaux?page=3","Oiseaux exotiques","Prix sur demande","Dakar, Sénégal","https://images.coinafrique.com/thumb_3773129_uploaded_image1_1657027947.jpg"
"1717201653-170","https://sn.coinafrique.com/categorie/autres-animaux?page=3","Paire Oie","130 000CFA","Guediawaye, Dakar, Sénégal","https://images.coinafrique.com/thumb_3763969_uploaded_image1_1656542478.jpg"
"1717201653-171","https://sn.coinafrique.com/categorie/autres-animaux?page=3","Canard","Prix sur demande","Diamniadio, Sénégal","https://images.coinafrique.com/thumb_3761752_uploaded_image1_1656414791.jpg"
"1717201653-172","https://sn.coinafrique.com/categorie/autres-animaux?page=3","Sacs de foin - Ngogne","5 000CFA","Saint Louis, Sénégal","https://images.coinafrique.com/thumb_3747916_uploaded_image1_1655548507.jpg"
"1717201653-173","https://sn.coinafrique.com/categorie/autres-animaux?page=3","Couple cochons d'inde","25 000CFA","Sacré-Coeur, Dakar, Sénégal","https://images.coinafrique.com/thumb_3738425_uploaded_image1_1655026461.jpg"
"1717201653-174","https://sn.coinafrique.com/categorie/autres-animaux?page=3","Vache","Prix sur demande","Niaga, Sénégal","https://images.coinafrique.com/thumb_3734952_uploaded_image1_1654795966.jpg"
"1717201653-175","https://sn.coinafrique.com/categorie/autres-animaux?page=3","Oie","65 000CFA","Niaga, Sénégal","https://images.coinafrique.com/thumb_3719072_uploaded_image1_1654007070.jpg"
"1717201653-176","https://sn.coinafrique.com/categorie/autres-animaux?page=3","Perruches ondulées","12 000CFA","Guediawaye, Dakar, Sénégal","https://images.coinafrique.com/thumb_3693176_uploaded_image1_1652374886.jpg"
"1717201653-177","https://sn.coinafrique.com/categorie/autres-animaux?page=3","Boeuf","Prix sur demande","Niaga, Sénégal","https://images.coinafrique.com/thumb_3691179_uploaded_image1_1652274956.jpg"
"1717201653-178","https://sn.coinafrique.com/categorie/autres-animaux?page=3","Hamster","15 000CFA","Mbao, Dakar, Sénégal","https://images.coinafrique.com/thumb_3689324_uploaded_image1_1652181532.jpg"
"1717201653-179","https://sn.coinafrique.com/categorie/autres-animaux?page=3","Paire colverts de Rouen","15 000CFA","Mboro, Sénégal","https://images.coinafrique.com/thumb_3686752_uploaded_image1_1652029317.jpg"
"1717201653-180","https://sn.coinafrique.com/categorie/autres-animaux?page=3","Mâle Persan","200 000CFA","Sicap Liberté, Dakar, Sénégal","https://images.coinafrique.com/thumb_3683211_uploaded_image1_1651809392.jpg"
"1717201653-181","https://sn.coinafrique.com/categorie/autres-animaux?page=3","Chaton Angora","160 000CFA","Fann, Dakar, Sénégal","https://images.coinafrique.com/thumb_3681874_uploaded_image1_1651750026.jpg"
"1717201653-182","https://sn.coinafrique.com/categorie/autres-animaux?page=3","Chatons Persans Himalayens","350 000CFA","Sicap Liberté, Dakar, Sénégal","https://images.coinafrique.com/thumb_3681420_uploaded_image1_1651722928.jpg"
"1717201653-183","https://sn.coinafrique.com/categorie/autres-animaux?page=3","Caille","2 000CFA","Sicap foire, Dakar, Sénégal","https://images.coinafrique.com/thumb_3679001_uploaded_image1_1651592167.jpg"
"1717201653-184","https://sn.coinafrique.com/categorie/autres-animaux?page=3","Perroquet grand Haras","Prix sur demande","Yoff, Dakar, Sénégal","https://images.coinafrique.com/thumb_3672216_uploaded_image2_1651097217.jpeg"
"1717201653-185","https://sn.coinafrique.com/categorie/autres-animaux?page=3","Chaton siamois","375 000CFA","Fann, Dakar, Sénégal","https://images.coinafrique.com/thumb_3671821_uploaded_image1_1651072649.jpg"
"1717201653-186","https://sn.coinafrique.com/categorie/autres-animaux?page=3","Boeufs","900 000CFA","Niaga, Sénégal","https://images.coinafrique.com/thumb_3651241_uploaded_image1_1649808275.jpg"
"1717201653-187","https://sn.coinafrique.com/categorie/autres-animaux?page=3","Oie géant","450 000CFA","Mbour, Sénégal","https://images.coinafrique.com/thumb_3646953_uploaded_image1_1649560934.jpg"
"1717201653-188","https://sn.coinafrique.com/categorie/autres-animaux?page=3","Boeuf","Prix sur demande","Niaga, Sénégal","https://images.coinafrique.com/thumb_3645463_uploaded_image1_1649458129.jpg"
"1717201653-189","https://sn.coinafrique.com/categorie/autres-animaux?page=3","Boeuf","Prix sur demande","Niaga, Sénégal","https://images.coinafrique.com/thumb_3645462_uploaded_image1_1649458078.jpg"
"1717201653-190","https://sn.coinafrique.com/categorie/autres-animaux?page=3","Chaton Angora","130 000CFA","Fann, Dakar, Sénégal","https://images.coinafrique.com/thumb_3634435_uploaded_image1_1648913898.jpg"
"1717201653-191","https://sn.coinafrique.com/categorie/autres-animaux?page=3","Oie de Toulouse","100 000CFA","Dakar, Sénégal","https://images.coinafrique.com/thumb_3619458_uploaded_image1_1647975502.jpg"
"1717201653-192","https://sn.coinafrique.com/categorie/autres-animaux?page=3","Hamster","15 000CFA","Mbao, Dakar, Sénégal","https://images.coinafrique.com/thumb_3615764_uploaded_image1_1647715657.jpg"
"1717201653-193","https://sn.coinafrique.com/categorie/autres-animaux?page=3","Cochons","15 000CFA","Mbour, Sénégal","https://images.coinafrique.com/thumb_3614166_uploaded_image1_1647608880.jpg"
"1717201653-194","https://sn.coinafrique.com/categorie/autres-animaux?page=3","Taurillon laitier","1 000 000CFA","Sicap Liberté, Dakar, Sénégal","https://images.coinafrique.com/thumb_3613432_uploaded_image1_1647552342.jpg"
"1717201653-195","https://sn.coinafrique.com/categorie/autres-animaux?page=3","Chatons","400 000CFA","Fann, Dakar, Sénégal","https://images.coinafrique.com/thumb_3613416_uploaded_image1_1647551529.jpg"
"1717201653-196","https://sn.coinafrique.com/categorie/autres-animaux?page=3","Caille","8 000CFA","Kaolack, Sénégal","https://images.coinafrique.com/thumb_3607957_uploaded_image1_1647266236.jpg"
"1717201653-197","https://sn.coinafrique.com/categorie/autres-animaux?page=3","Veau Montbéliard","650 000CFA","Thies, Sénégal","https://images.coinafrique.com/thumb_3590281_uploaded_image1_1646242026.jpg"
"1717201653-198","https://sn.coinafrique.com/categorie/autres-animaux?page=3","Poussin caille","500CFA","Parcelle Assainies, Dakar, Sénégal","https://images.coinafrique.com/thumb_3576048_uploaded_image1_1645409801.jpg"
"1717201653-199","https://sn.coinafrique.com/categorie/autres-animaux?page=3","Dinde mâle","20 000CFA","Dakar, Sénégal","https://images.coinafrique.com/thumb_3575899_uploaded_image1_1645394898.jpg"
"1717201653-200","https://sn.coinafrique.com/categorie/autres-animaux?page=3","Perruches","20 000CFA","Dakar, Sénégal","https://images.coinafrique.com/thumb_3573498_uploaded_image1_1645213656.jpg"
"1717201653-201","https://sn.coinafrique.com/categorie/autres-animaux?page=3","Poussins  d’oies","35 000CFA","Dakar, Sénégal","https://images.coinafrique.com/thumb_3569402_uploaded_image1_1644969388.jpg"
"1717201653-202","https://sn.coinafrique.com/categorie/autres-animaux?page=3","Pintade blanc","25 000CFA","Dakar, Sénégal","https://images.coinafrique.com/thumb_3569128_uploaded_image1_1644952395.jpg"
"1717201653-203","https://sn.coinafrique.com/categorie/autres-animaux?page=3","Cheval","500 000CFA","Saint Louis, Sénégal","https://images.coinafrique.com/thumb_3569117_uploaded_image1_1644951974.jpg"
"1717201653-204","https://sn.coinafrique.com/categorie/autres-animaux?page=3","Bœufs","900 000CFA","Bambey, Sénégal","https://images.coinafrique.com/thumb_3544114_uploaded_image1_1643467299.jpg"
"1717201653-205","https://sn.coinafrique.com/categorie/autres-animaux?page=3","Jeune cheval","Prix sur demande","Dakar, Sénégal","https://images.coinafrique.com/thumb_3526170_uploaded_image1_1642274663.jpg"
"1717201653-206","https://sn.coinafrique.com/categorie/autres-animaux?page=3","Hamsters","15 000CFA","Mbao, Dakar, Sénégal","https://images.coinafrique.com/thumb_3525591_uploaded_image1_1642246209.jpg"
"1717201653-207","https://sn.coinafrique.com/categorie/autres-animaux?page=3","Bouc Espagnol","150 000CFA","Louga, Sénégal","https://images.coinafrique.com/thumb_3523752_uploaded_image1_1642113362.jpg"
"1717201653-208","https://sn.coinafrique.com/categorie/autres-animaux?page=3","Cochon dinde","45 000CFA","Thies, Sénégal","https://images.coinafrique.com/thumb_3520084_uploaded_image1_1641925340.jpg"
"1717201653-209","https://sn.coinafrique.com/categorie/autres-animaux?page=3","Cochon dinde","45 000CFA","Thies, Sénégal","https://images.coinafrique.com/thumb_3520078_uploaded_image1_1641925243.jpg"
"1717201653-210","https://sn.coinafrique.com/categorie/autres-animaux?page=3","Cochon dinde","45 000CFA","Thies, Sénégal","https://images.coinafrique.com/thumb_3520065_uploaded_image1_1641924846.jpg"
"1717201653-211","https://sn.coinafrique.com/categorie/autres-animaux?page=3","Cheval","Prix sur demande","Dakar, Sénégal","https://images.coinafrique.com/thumb_3515231_uploaded_image1_1641645085.jpg"
"1717201653-212","https://sn.coinafrique.com/categorie/autres-animaux?page=3","Chat persan chinchilla","Prix sur demande","Fann-Point E-Amitié, Dakar, Sénégal","https://images.coinafrique.com/thumb_3515163_uploaded_image1_1641642618.jpg"
"1717201653-213","https://sn.coinafrique.com/categorie/autres-animaux?page=3","Bœufs","300 000CFA","Dieuppeul-Derklé, Dakar, Sénégal","https://images.coinafrique.com/thumb_3509381_uploaded_image1_1641354659.jpg"
"1717201653-214","https://sn.coinafrique.com/categorie/autres-animaux?page=3","Hamster","15 000CFA","Mbao, Dakar, Sénégal","https://images.coinafrique.com/thumb_3502571_uploaded_image1_1640864798.jpg"
"1717201653-215","https://sn.coinafrique.com/categorie/autres-animaux?page=3","Paon","350 000CFA","Mermoz-Sacré Coeur, Dakar, Sénégal","https://images.coinafrique.com/thumb_3500261_uploaded_image1_1640699224.jpg"
"1717201653-216","https://sn.coinafrique.com/categorie/autres-animaux?page=3","Oies de toulouse","20 000CFA","Dakar, Sénégal","https://images.coinafrique.com/thumb_3496368_uploaded_image2_1640341893.jpeg"
"1717201653-217","https://sn.coinafrique.com/categorie/autres-animaux?page=3","Bœuf","900 000CFA","Bambey, Sénégal","https://images.coinafrique.com/thumb_3492877_uploaded_image1_1640096405.jpg"
"1717201653-218","https://sn.coinafrique.com/categorie/autres-animaux?page=3","Perruches","Prix sur demande","Dakar, Sénégal","https://images.coinafrique.com/thumb_3481126_uploaded_image1_1639338531.jpg"
"1717201653-219","https://sn.coinafrique.com/categorie/autres-animaux?page=3","Dindes","Prix sur demande","Parcelle Assainies, Dakar, Sénégal","https://images.coinafrique.com/thumb_3474757_uploaded_image2_1638966967.jpeg"
"1717201653-220","https://sn.coinafrique.com/categorie/autres-animaux?page=3","Chaton siamois","Prix sur demande","Grand Dakar, Dakar, Sénégal","https://images.coinafrique.com/thumb_3450631_uploaded_image1_1637664547.jpg"
"1717201653-221","https://sn.coinafrique.com/categorie/autres-animaux?page=3","Bœufs","Prix sur demande","Louga, Sénégal","https://images.coinafrique.com/thumb_3448056_uploaded_image1_1637499860.jpg"
"1717201653-222","https://sn.coinafrique.com/categorie/autres-animaux?page=3","Couple dinde rouge","90 000CFA","Dakar, Sénégal","https://images.coinafrique.com/thumb_3425196_uploaded_image1_1636231334.jpg"
"1717201653-223","https://sn.coinafrique.com/categorie/autres-animaux?page=3","Canards","Prix sur demande","Dakar, Sénégal","https://images.coinafrique.com/thumb_3422543_uploaded_image1_1636113502.jpg"
"1717201653-224","https://sn.coinafrique.com/categorie/autres-animaux?page=3","Paire d'oie","100 000CFA","Thies, Sénégal","https://images.coinafrique.com/thumb_3418166_uploaded_image1_1635935843.jpg"
"1717201653-225","https://sn.coinafrique.com/categorie/autres-animaux?page=3","Oies de toulouse","450 000CFA","Mbour, Sénégal","https://images.coinafrique.com/thumb_3413662_uploaded_image1_1635765247.jpg"
"1717201653-226","https://sn.coinafrique.com/categorie/autres-animaux?page=3","Cailles","2 000CFA","Mermoz-Sacré Coeur, Dakar, Sénégal","https://images.coinafrique.com/thumb_3405018_uploaded_image1_1635264107.jpg"
"1717201653-227","https://sn.coinafrique.com/categorie/autres-animaux?page=3","Perruches","Prix sur demande","Guediawaye, Dakar, Sénégal","https://images.coinafrique.com/thumb_3395087_uploaded_image3_1634734337.jpeg"
"1717201653-228","https://sn.coinafrique.com/categorie/autres-animaux?page=3","Trio de paon bleu","450 000CFA","Mbao, Dakar, Sénégal","https://images.coinafrique.com/thumb_3389732_uploaded_image1_1634436997.jpg"
"1717201653-229","https://sn.coinafrique.com/categorie/autres-animaux?page=3","Paon bleu adulte","300 000CFA","Keur Massar, Sénégal","https://images.coinafrique.com/thumb_3372722_uploaded_image1_1633568000.jpg"
"1717201653-230","https://sn.coinafrique.com/categorie/autres-animaux?page=3","Cailles","1 500CFA","Mermoz-Sacré Coeur, Dakar, Sénégal","https://images.coinafrique.com/thumb_3371486_uploaded_image1_1633522085.jpg"
"1717201653-231","https://sn.coinafrique.com/categorie/autres-animaux?page=3","Bœuf","500 000CFA","Dakar, Sénégal","https://images.coinafrique.com/thumb_3369906_uploaded_image1_1633454163.jpg"
"1717201653-232","https://sn.coinafrique.com/categorie/autres-animaux?page=3","Couple hermine","20 000CFA","Dakar, Sénégal","https://images.coinafrique.com/thumb_3369362_uploaded_image1_1633438173.jpg"
"1717201653-233","https://sn.coinafrique.com/categorie/autres-animaux?page=3","Caille","2 000CFA","Mermoz-Sacré Coeur, Dakar, Sénégal","https://images.coinafrique.com/thumb_3360468_uploaded_image1_1633037043.jpg"
"1717201653-234","https://sn.coinafrique.com/categorie/autres-animaux?page=3","Autruchon","300 000CFA","Guediawaye, Dakar, Sénégal","https://images.coinafrique.com/thumb_3357168_uploaded_image1_1632871377.jpg"
"1717201653-235","https://sn.coinafrique.com/categorie/autres-animaux?page=3","Veaux","250 000CFA","Dieuppeul-Derklé, Dakar, Sénégal","https://images.coinafrique.com/thumb_3350491_uploaded_image1_1632436028.jpg"
"1717201653-236","https://sn.coinafrique.com/categorie/autres-animaux?page=3","Taureaux Holstein","2 500 000CFA","Dakar, Sénégal","https://images.coinafrique.com/thumb_3348822_uploaded_image1_1632352988.jpg"
"1717201653-237","https://sn.coinafrique.com/categorie/autres-animaux?page=3","Géniteur Holstein","2 200 000CFA","Dakar, Sénégal","https://images.coinafrique.com/thumb_3348819_uploaded_image1_1632352628.jpg"
"1717201653-238","https://sn.coinafrique.com/categorie/autres-animaux?page=3","Carpe Koï","100 000CFA","Dakar Plateau, Dakar, Sénégal","https://images.coinafrique.com/thumb_3345713_uploaded_image1_1632222841.jpg"
"1717201653-239","https://sn.coinafrique.com/categorie/autres-animaux?page=3","Chaton","40 000CFA","Almadies, Dakar, Sénégal","https://images.coinafrique.com/thumb_3341213_uploaded_image1_1631968364.jpg"
"1717201653-240","https://sn.coinafrique.com/categorie/autres-animaux?page=3","Perruches","Prix sur demande","Guediawaye, Dakar, Sénégal","https://images.coinafrique.com/thumb_3336754_uploaded_image1_1631736919.jpg"
"1717201653-241","https://sn.coinafrique.com/categorie/autres-animaux?page=3","Veaux","250 000CFA","Dieuppeul-Derklé, Dakar, Sénégal","https://images.coinafrique.com/thumb_3335012_uploaded_image1_1631654129.jpg"
"1717201658-242","https://sn.coinafrique.com/categorie/autres-animaux?page=2","Cailles de chair","500CFA","Colobane, Dakar, Sénégal","https://images.coinafrique.com/thumb_4327166_uploaded_image1_1691508551.jpg"
"1717201658-243","https://sn.coinafrique.com/categorie/autres-animaux?page=2","Chat Scottish fold","700 000CFA","Dakar, Sénégal","https://images.coinafrique.com/thumb_4326378_uploaded_image1_1691464417.jpg"
"1717201658-244","https://sn.coinafrique.com/categorie/autres-animaux?page=2","Bœuf","Prix sur demande","Niaga, Sénégal","https://images.coinafrique.com/thumb_4303523_uploaded_image1_1689962222.jpg"
"1717201658-245","https://sn.coinafrique.com/categorie/autres-animaux?page=2","Vache","600 000CFA","Niaga, Sénégal","https://images.coinafrique.com/thumb_4303521_uploaded_image1_1689962163.jpg"
"1717201658-246","https://sn.coinafrique.com/categorie/autres-animaux?page=2","Poussins d'autruche","50 000CFA","Bambey, Sénégal","https://images.coinafrique.com/thumb_4292496_uploaded_image1_1689236421.jpg"
"1717201658-247","https://sn.coinafrique.com/categorie/autres-animaux?page=2","Chat tigré","60 000CFA","Rufisque, Sénégal","https://images.coinafrique.com/thumb_4290090_uploaded_image1_1689085062.jpg"
"1717201658-248","https://sn.coinafrique.com/categorie/autres-animaux?page=2","Chat tigré","60 000CFA","Rufisque, Sénégal","https://images.coinafrique.com/thumb_4290086_uploaded_image1_1689084975.jpg"
"1717201658-249","https://sn.coinafrique.com/categorie/autres-animaux?page=2","Vache","Prix sur demande","Niaga, Sénégal","https://images.coinafrique.com/thumb_4284952_uploaded_image1_1688734268.jpg"
"1717201658-250","https://sn.coinafrique.com/categorie/autres-animaux?page=2","Canard","30 000CFA","Guediawaye, Dakar, Sénégal","https://images.coinafrique.com/thumb_4251761_uploaded_image1_1686479149.jpg"
"1717201658-251","https://sn.coinafrique.com/categorie/autres-animaux?page=2","Paon","290 000CFA","Mermoz-Sacré Coeur, Dakar, Sénégal","https://images.coinafrique.com/thumb_4277277_uploaded_image1_1688258720.jpg"
"1717201658-252","https://sn.coinafrique.com/categorie/autres-animaux?page=2","Autruche","40 000CFA","Bambey, Sénégal","https://images.coinafrique.com/thumb_4274068_uploaded_image1_1688027259.jpg"
"1717201658-253","https://sn.coinafrique.com/categorie/autres-animaux?page=2","Chatons persans chinchilla golden shaded","500 000CFA","Sicap Liberté, Dakar, Sénégal","https://images.coinafrique.com/thumb_4268926_uploaded_image1_1687601650.jpg"
"1717201658-254","https://sn.coinafrique.com/categorie/autres-animaux?page=2","Chat persan chinchilla blue golden shaded","650 000CFA","Sicap Liberté, Dakar, Sénégal","https://images.coinafrique.com/thumb_4268866_uploaded_image1_1687597344.jpg"
"1717201658-255","https://sn.coinafrique.com/categorie/autres-animaux?page=2","Chat persan chinchilla golden shaded","500 000CFA","Sicap Liberté, Dakar, Sénégal","https://images.coinafrique.com/thumb_4268857_uploaded_image1_1687596952.jpg"
"1717201658-256","https://sn.coinafrique.com/categorie/autres-animaux?page=2","Perruches ondulées","20 000CFA","Dieuppeul-Derklé, Dakar, Sénégal","https://images.coinafrique.com/thumb_4268218_uploaded_image1_1687536623.jpg"
"1717201658-257","https://sn.coinafrique.com/categorie/autres-animaux?page=2","Oies","45 000CFA","Thies, Sénégal","https://images.coinafrique.com/thumb_4263743_uploaded_image1_1687283716.jpg"
"1717201658-258","https://sn.coinafrique.com/categorie/autres-animaux?page=2","Poissons aquariums","7 500CFA","Dakar Plateau, Dakar, Sénégal","https://images.coinafrique.com/thumb_4258053_uploaded_image1_1686843939.jpg"
"1717201658-259","https://sn.coinafrique.com/categorie/autres-animaux?page=2","Chaton","Prix sur demande","Ouest Foire, Dakar, Sénégal","https://images.coinafrique.com/thumb_4254477_uploaded_image1_1686653757.jpg"
"1717201658-260","https://sn.coinafrique.com/categorie/autres-animaux?page=2","Paon","Prix sur demande","Yoff, Dakar, Sénégal","https://images.coinafrique.com/thumb_4250701_uploaded_image1_1686389684.jpg"
"1717201658-261","https://sn.coinafrique.com/categorie/autres-animaux?page=2","Perruche","30 000CFA","Point E, Dakar, Sénégal","https://images.coinafrique.com/thumb_4236158_uploaded_image1_1685471000.jpg"
"1717201658-262","https://sn.coinafrique.com/categorie/autres-animaux?page=2","Paon","400CFA","Touba, Sénégal","https://images.coinafrique.com/thumb_4226444_uploaded_image1_1684797786.jpg"
"1717201658-263","https://sn.coinafrique.com/categorie/autres-animaux?page=2","Poussins bleus hollandais","1 500CFA","Mbao, Dakar, Sénégal","https://images.coinafrique.com/thumb_4223952_uploaded_image1_1684611180.jpg"
"1717201658-264","https://sn.coinafrique.com/categorie/autres-animaux?page=2","Chaton Siamois Himalayen","275 000CFA","Fann, Dakar, Sénégal","https://images.coinafrique.com/thumb_4215680_uploaded_image1_1684074328.jpg"
"1717201658-265","https://sn.coinafrique.com/categorie/autres-animaux?page=2","Poissons aquarium","15 000CFA","Dakar Plateau, Dakar, Sénégal","https://images.coinafrique.com/thumb_4213007_uploaded_image1_1683888858.jpg"
"1717201658-266","https://sn.coinafrique.com/categorie/autres-animaux?page=2","Cailles","7 000CFA","Touba, Sénégal","https://images.coinafrique.com/thumb_4208226_uploaded_image1_1683592423.jpg"
"1717201658-267","https://sn.coinafrique.com/categorie/autres-animaux?page=2","Boeuf","600 000CFA","Bambey, Sénégal","https://images.coinafrique.com/thumb_4196106_uploaded_image1_1682881461.jpg"
"1717201658-268","https://sn.coinafrique.com/categorie/autres-animaux?page=2","Perruches","30 000CFA","Hann Bel-Air, Dakar, Sénégal","https://images.coinafrique.com/thumb_4194617_uploaded_image1_1682759209.jpg"
"1717201658-269","https://sn.coinafrique.com/categorie/autres-animaux?page=2","Perroquet","35 000CFA","Dakar, Sénégal","https://images.coinafrique.com/thumb_4185842_uploaded_image1_1682102205.jpg"
"1717201658-270","https://sn.coinafrique.com/categorie/autres-animaux?page=2","Couple de perruches","14 900CFA","Thies, Sénégal","https://images.coinafrique.com/thumb_4180902_uploaded_image1_1681767382.jpg"
"1717201658-271","https://sn.coinafrique.com/categorie/autres-animaux?page=2","Chaton siamois","240 000CFA","Sacré-Coeur, Dakar, Sénégal","https://images.coinafrique.com/thumb_4180282_uploaded_image1_1681738114.jpg"
"1717201658-272","https://sn.coinafrique.com/categorie/autres-animaux?page=2","Bœuf","Prix sur demande","Niaga, Sénégal","https://images.coinafrique.com/thumb_4179472_uploaded_image1_1681680500.jpg"
"1717201658-273","https://sn.coinafrique.com/categorie/autres-animaux?page=2","Dinde","45 000CFA","Touba, Sénégal","https://images.coinafrique.com/thumb_4170236_uploaded_image1_1681079402.jpg"
"1717201658-274","https://sn.coinafrique.com/categorie/autres-animaux?page=2","Dindes","100 000CFA","Parcelle Assainies, Dakar, Sénégal","https://images.coinafrique.com/thumb_4169875_uploaded_image1_1681057517.jpg"
"1717201658-275","https://sn.coinafrique.com/categorie/autres-animaux?page=2","Dindes","100 000CFA","Parcelle Assainies, Dakar, Sénégal","https://images.coinafrique.com/thumb_4169870_uploaded_image1_1681057188.jpg"
"1717201658-276","https://sn.coinafrique.com/categorie/autres-animaux?page=2","Hamster doré","Prix sur demande","Patte d'oie, Dakar, Sénégal","https://images.coinafrique.com/thumb_4169247_uploaded_image1_1680993460.jpg"
"1717201658-277","https://sn.coinafrique.com/categorie/autres-animaux?page=2","Bœuf","Prix sur demande","Niaga, Sénégal","https://images.coinafrique.com/thumb_4150854_uploaded_image1_1679921255.jpg"
"1717201658-278","https://sn.coinafrique.com/categorie/autres-animaux?page=2","Perroquet","20 000CFA","Dakar, Sénégal","https://images.coinafrique.com/thumb_4141464_uploaded_image1_1679320795.jpg"
"1717201658-279","https://sn.coinafrique.com/categorie/autres-animaux?page=2","Canard colvert","32 500CFA","Almadies 2, Dakar, Sénégal","https://images.coinafrique.com/thumb_4141195_uploaded_image1_1679311407.jpg"
"1717201658-280","https://sn.coinafrique.com/categorie/autres-animaux?page=2","Chatte persane himalayenne","200 000CFA","Dakar, Sénégal","https://images.coinafrique.com/thumb_4140736_uploaded_image1_1679260998.jpg"
"1717201658-281","https://sn.coinafrique.com/categorie/autres-animaux?page=2","Vaches","7 000 000CFA","Niaga, Sénégal","https://images.coinafrique.com/thumb_4131629_uploaded_image1_1678668784.jpg"
"1717201658-282","https://sn.coinafrique.com/categorie/autres-animaux?page=2","Oies","35 000CFA","Thies, Sénégal","https://images.coinafrique.com/thumb_4119270_uploaded_image2_1677889884.jpeg"
"1717201658-283","https://sn.coinafrique.com/categorie/autres-animaux?page=2","Hamster dorée","15 000CFA","Sacré-Coeur, Dakar, Sénégal","https://images.coinafrique.com/thumb_4110101_uploaded_image1_1677403384.jpg"
"1717201658-284","https://sn.coinafrique.com/categorie/autres-animaux?page=2","Chèvre sahelienne","180 000CFA","Mbour, Sénégal","https://images.coinafrique.com/thumb_4103018_uploaded_image1_1676929679.jpg"
"1717201658-285","https://sn.coinafrique.com/categorie/autres-animaux?page=2","Chats siamois himalayen","300 000CFA","Thies, Sénégal","https://images.coinafrique.com/thumb_4102440_uploaded_image1_1676904996.jpg"
"1717201658-286","https://sn.coinafrique.com/categorie/autres-animaux?page=2","Chaton angora","180 000CFA","Fann, Dakar, Sénégal","https://images.coinafrique.com/thumb_4102298_uploaded_image1_1676900131.jpg"
"1717201658-287","https://sn.coinafrique.com/categorie/autres-animaux?page=2","Oie mâle","17 500CFA","Keur Massar, Sénégal","https://images.coinafrique.com/thumb_4101112_uploaded_image1_1676811238.jpg"
"1717201658-288","https://sn.coinafrique.com/categorie/autres-animaux?page=2","Cheval","Prix sur demande","Ouakam, Dakar, Sénégal","https://images.coinafrique.com/thumb_4092862_uploaded_image1_1676283623.jpg"
"1717201658-289","https://sn.coinafrique.com/categorie/autres-animaux?page=2","Bœuf","600 000CFA","Bambey, Sénégal","https://images.coinafrique.com/thumb_4090572_uploaded_image1_1676111755.jpg"
"1717201658-290","https://sn.coinafrique.com/categorie/autres-animaux?page=2","Bœufs","Prix sur demande","Niaga, Sénégal","https://images.coinafrique.com/thumb_4089255_uploaded_image1_1676026530.jpg"
"1717201658-291","https://sn.coinafrique.com/categorie/autres-animaux?page=2","Paons","300 000CFA","Parcelle Assainies, Dakar, Sénégal","https://images.coinafrique.com/thumb_4077861_uploaded_image1_1675419699.jpg"
"1717201658-292","https://sn.coinafrique.com/categorie/autres-animaux?page=2","Oies","Prix sur demande","Niaga, Sénégal","https://images.coinafrique.com/thumb_4064457_uploaded_image1_1674641302.jpg"
"1717201658-293","https://sn.coinafrique.com/categorie/autres-animaux?page=2","Dinde","50 000CFA","Dakar, Sénégal","https://images.coinafrique.com/thumb_4060300_uploaded_image1_1674362008.jpg"
"1717201658-294","https://sn.coinafrique.com/categorie/autres-animaux?page=2","Chat Persan Chinchilla Golden","350 000CFA","Sicap Liberté, Dakar, Sénégal","https://images.coinafrique.com/thumb_4059512_uploaded_image1_1674307828.jpg"
"1717201658-295","https://sn.coinafrique.com/categorie/autres-animaux?page=2","Chatons Persans Chinchillas Silver","350 000CFA","Sicap Liberté, Dakar, Sénégal","https://images.coinafrique.com/thumb_4059507_uploaded_image1_1674307525.jpg"
"1717201658-296","https://sn.coinafrique.com/categorie/autres-animaux?page=2","Canards","20 000CFA","Dakar, Sénégal","https://images.coinafrique.com/thumb_4056116_uploaded_image1_1674103896.jpg"
"1717201658-297","https://sn.coinafrique.com/categorie/autres-animaux?page=2","Dindons","175 000CFA","Dakar, Sénégal","https://images.coinafrique.com/thumb_4056115_uploaded_image1_1674103633.jpg"
"1717201658-298","https://sn.coinafrique.com/categorie/autres-animaux?page=2","Perruches ondulées","7 000CFA","Hann Bel-Air, Dakar, Sénégal","https://images.coinafrique.com/thumb_4049517_uploaded_image1_1673696813.jpg"
"1717201658-299","https://sn.coinafrique.com/categorie/autres-animaux?page=2","Boeuf","Prix sur demande","Niaga, Sénégal","https://images.coinafrique.com/thumb_4047285_uploaded_image1_1673554118.jpg"
"1717201658-300","https://sn.coinafrique.com/categorie/autres-animaux?page=2","Oies de garde","200 000CFA","Mbour, Sénégal","https://images.coinafrique.com/thumb_4033376_uploaded_image1_1672817271.jpg"
"1717201658-301","https://sn.coinafrique.com/categorie/autres-animaux?page=2","Cheval","450 000CFA","Thies, Sénégal","https://images.coinafrique.com/thumb_4029054_uploaded_image1_1672496527.jpg"
"1717201658-302","https://sn.coinafrique.com/categorie/autres-animaux?page=2","Jument","550 000CFA","Thies, Sénégal","https://images.coinafrique.com/thumb_4029052_uploaded_image1_1672496436.jpg"
"1717201658-303","https://sn.coinafrique.com/categorie/autres-animaux?page=2","Vache","475CFA","Niaga, Sénégal","https://images.coinafrique.com/thumb_4015081_uploaded_image1_1671456683.jpg"
"1717201658-304","https://sn.coinafrique.com/categorie/autres-animaux?page=2","Perroquets Roseicollis","50 000CFA","Point E, Dakar, Sénégal","https://images.coinafrique.com/thumb_4006084_uploaded_image1_1670879833.jpg"
"1717201658-305","https://sn.coinafrique.com/categorie/autres-animaux?page=2","Chaton Persan","400 000CFA","Fann, Dakar, Sénégal","https://images.coinafrique.com/thumb_4004300_uploaded_image1_1670782309.jpg"
"1717201658-306","https://sn.coinafrique.com/categorie/autres-animaux?page=2","Chat persan hymalayen","350 000CFA","Ngor, Dakar, Sénégal","https://images.coinafrique.com/thumb_4002094_uploaded_image1_1670612752.jpg"
"1717201658-307","https://sn.coinafrique.com/categorie/autres-animaux?page=2","Bœufs","600 000CFA","Bambey, Sénégal","https://images.coinafrique.com/thumb_4001249_uploaded_image1_1670577657.jpg"
"1717201658-308","https://sn.coinafrique.com/categorie/autres-animaux?page=2","Bœufs","600 000CFA","Bambey, Sénégal","https://images.coinafrique.com/thumb_3991901_uploaded_image1_1670076562.jpg"
"1717201658-309","https://sn.coinafrique.com/categorie/autres-animaux?page=2","Chèvre","50 000CFA","Dakar, Sénégal","https://images.coinafrique.com/thumb_3985611_uploaded_image1_1669761997.jpg"
"1717201658-310","https://sn.coinafrique.com/categorie/autres-animaux?page=2","Perruches ondulées","12 000CFA","Guediawaye, Dakar, Sénégal","https://images.coinafrique.com/thumb_3968286_uploaded_image1_1668632770.jpg"
"1717201658-311","https://sn.coinafrique.com/categorie/autres-animaux?page=2","Chaton Persan-angora","200 000CFA","Sicap Liberté, Dakar, Sénégal","https://images.coinafrique.com/thumb_3967762_uploaded_image1_1668607120.jpg"
"1717201658-312","https://sn.coinafrique.com/categorie/autres-animaux?page=2","Chat Persan Chinchilla Silver Shaded","700 000CFA","Sicap Liberté, Dakar, Sénégal","https://images.coinafrique.com/thumb_3967742_uploaded_image1_1668606569.jpg"
"1717201658-313","https://sn.coinafrique.com/categorie/autres-animaux?page=2","Paon","450 000CFA","Touba, Sénégal","https://images.coinafrique.com/thumb_3956247_uploaded_image2_1667916424.jpeg"
"1717201658-314","https://sn.coinafrique.com/categorie/autres-animaux?page=2","Dinde","35 000CFA","Touba, Sénégal","https://images.coinafrique.com/thumb_3956243_uploaded_image1_1667916312.jpg"
"1717201658-315","https://sn.coinafrique.com/categorie/autres-animaux?page=2","Poissons aquarium","7 500CFA","Dakar Plateau, Dakar, Sénégal","https://images.coinafrique.com/thumb_3922652_uploaded_image1_1665918281.jpg"
"1717201658-316","https://sn.coinafrique.com/categorie/autres-animaux?page=2","Anes","500 000CFA","Mbour, Sénégal","https://images.coinafrique.com/thumb_3916725_uploaded_image1_1665569939.jpg"
"1717201658-317","https://sn.coinafrique.com/categorie/autres-animaux?page=2","Bœuf","700 000CFA","Mbour, Sénégal","https://images.coinafrique.com/thumb_3916720_uploaded_image1_1665569801.jpg"
"1717201658-318","https://sn.coinafrique.com/categorie/autres-animaux?page=2","Paons bleus","400 000CFA","Mbour, Sénégal","https://images.coinafrique.com/thumb_3916692_uploaded_image1_1665568760.jpg"
"1717201658-319","https://sn.coinafrique.com/categorie/autres-animaux?page=2","Chaton Scottish Fold","Prix sur demande","Fann-Point E-Amitié, Dakar, Sénégal","https://images.coinafrique.com/thumb_3915043_uploaded_image1_1665477189.jpg"
"1717201658-320","https://sn.coinafrique.com/categorie/autres-animaux?page=2","Cailles","2 500CFA","Ziguinchor, Sénégal","https://images.coinafrique.com/thumb_3905361_uploaded_image1_1664880986.jpg"
"1717201658-321","https://sn.coinafrique.com/categorie/autres-animaux?page=2","Paon","50 000CFA","Yoff, Dakar, Sénégal","https://images.coinafrique.com/thumb_3901686_uploaded_image1_1664658095.jpg"
"1717201658-322","https://sn.coinafrique.com/categorie/autres-animaux?page=2","Œufs","9 000CFA","Keur Massar, Sénégal","https://images.coinafrique.com/thumb_3862604_uploaded_image1_1662310160.jpg"
"1717201658-323","https://sn.coinafrique.com/categorie/autres-animaux?page=2","Cobaye mâle","16 000CFA","Thies, Sénégal","https://images.coinafrique.com/thumb_3868453_uploaded_image1_1662603701.jpg"
"1717201658-324","https://sn.coinafrique.com/categorie/autres-animaux?page=2","Vache","65 000CFA","Biscuiterie, Dakar, Sénégal","https://images.coinafrique.com/thumb_3850590_uploaded_image1_1661716395.jpg"
"1717201658-325","https://sn.coinafrique.com/categorie/autres-animaux?page=2","Bœuf","Prix sur demande","Niaga, Sénégal","https://images.coinafrique.com/thumb_3819174_uploaded_image1_1659877769.jpg"
"1717201663-326","https://sn.coinafrique.com/categorie/autres-animaux?page=1","Chaton","450 000CFA","Sicap Liberté, Dakar, Sénégal","https://images.coinafrique.com/thumb_4770207_uploaded_image1_1717067489.jpg"
"1717201663-327","https://sn.coinafrique.com/categorie/autres-animaux?page=1","Chaton Angora","350 000CFA","Dakar, Sénégal","https://images.coinafrique.com/thumb_4765270_uploaded_image1_1716842569.jpg"
"1717201663-328","https://sn.coinafrique.com/categorie/autres-animaux?page=1","Vache laitière Montbéliarde","Prix sur demande","Guediawaye, Dakar, Sénégal","https://images.coinafrique.com/thumb_4765247_uploaded_image1_1716841792.jpg"
"1717201663-329","https://sn.coinafrique.com/categorie/autres-animaux?page=1","Chaton Scottish","450 000CFA","Dakar Plateau, Dakar, Sénégal","https://images.coinafrique.com/thumb_4755374_uploaded_image1_1716328455.jpg"
"1717201663-330","https://sn.coinafrique.com/categorie/autres-animaux?page=1","Vaches Montbéliarde","Prix sur demande","Pikine, Sénégal","https://images.coinafrique.com/thumb_4753936_uploaded_image1_1716257870.jpg"
"1717201663-331","https://sn.coinafrique.com/categorie/autres-animaux?page=1","Vache Montbéliard et Holstein","Prix sur demande","Rufisque, Sénégal","https://images.coinafrique.com/thumb_4753935_uploaded_image1_1716257776.jpg"
"1717201663-332","https://sn.coinafrique.com/categorie/autres-animaux?page=1","Vache  Montbéliard Holstein","Prix sur demande","Pikine, Sénégal","https://images.coinafrique.com/thumb_4753933_uploaded_image1_1716257630.jpg"
"1717201663-333","https://sn.coinafrique.com/categorie/autres-animaux?page=1","Boeuf","800 000CFA","Kaolack, Sénégal","https://images.coinafrique.com/thumb_4752043_uploaded_image1_1716145974.jpg"
"1717201663-334","https://sn.coinafrique.com/categorie/autres-animaux?page=1","3 chatons","Prix sur demande","Mariste, Dakar, Sénégal","https://images.coinafrique.com/thumb_4751663_uploaded_image1_1716126912.jpg"
"1717201663-335","https://sn.coinafrique.com/categorie/autres-animaux?page=1","Paon bleu","250 000CFA","Rufisque, Sénégal","https://images.coinafrique.com/thumb_4686441_uploaded_image1_1712838619.jpg"
"1717201663-336","https://sn.coinafrique.com/categorie/autres-animaux?page=1","Perroquet inséparable","60 000CFA","Point E, Dakar, Sénégal","https://images.coinafrique.com/thumb_4724298_uploaded_image1_1714756962.jpg"
"1717201663-337","https://sn.coinafrique.com/categorie/autres-animaux?page=1","Chat Siamois","300 000CFA","Almadies, Dakar, Sénégal","https://images.coinafrique.com/thumb_4723220_uploaded_image1_1714727016.jpg"
"1717201663-338","https://sn.coinafrique.com/categorie/autres-animaux?page=1","Hamster","5 000CFA","Almadies, Dakar, Sénégal","https://images.coinafrique.com/thumb_4723216_uploaded_image1_1714726904.jpg"
"1717201663-339","https://sn.coinafrique.com/categorie/autres-animaux?page=1","Cailles","Prix sur demande","Touba, Sénégal","https://images.coinafrique.com/thumb_4701407_uploaded_image1_1713575328.jpg"
"1717201663-340","https://sn.coinafrique.com/categorie/autres-animaux?page=1","Perruche","20 000CFA","Mamelles, Dakar, Sénégal","https://images.coinafrique.com/thumb_4701230_uploaded_image1_1713565518.jpg"
"1717201663-341","https://sn.coinafrique.com/categorie/autres-animaux?page=1","Chaton","Prix sur demande","Ngor, Dakar, Sénégal","https://images.coinafrique.com/thumb_4689687_uploaded_image1_1713000926.jpg"
"1717201663-342","https://sn.coinafrique.com/categorie/autres-animaux?page=1","Paons","75 000CFA","Yoff, Dakar, Sénégal","https://images.coinafrique.com/thumb_4680949_uploaded_image1_1712517091.jpg"
"1717201663-343","https://sn.coinafrique.com/categorie/autres-animaux?page=1","Bœufs","Prix sur demande","Parcelle Assainies, Dakar, Sénégal","https://images.coinafrique.com/thumb_4679890_uploaded_image1_1712437211.jpg"
"1717201663-344","https://sn.coinafrique.com/categorie/autres-animaux?page=1","Paire de perruches ondulées","40 000CFA","Mamelles, Dakar, Sénégal","https://images.coinafrique.com/thumb_4679396_uploaded_image1_1712411459.jpg"
"1717201663-345","https://sn.coinafrique.com/categorie/autres-animaux?page=1","Vache brune","Prix sur demande","Mbour, Sénégal","https://images.coinafrique.com/thumb_4664799_uploaded_image1_1711657831.jpg"
"1717201663-346","https://sn.coinafrique.com/categorie/autres-animaux?page=1","Chatons","Prix sur demande","Mariste, Dakar, Sénégal","https://images.coinafrique.com/thumb_4651939_uploaded_image1_1710967508.jpg"
"1717201663-347","https://sn.coinafrique.com/categorie/autres-animaux?page=1","Couple perroquet  Roseicollis","60 000CFA","Point E, Dakar, Sénégal","https://images.coinafrique.com/thumb_4651651_uploaded_image1_1710951067.jpg"
"1717201663-348","https://sn.coinafrique.com/categorie/autres-animaux?page=1","Canard Colvert","25 000CFA","Mariste, Dakar, Sénégal","https://images.coinafrique.com/thumb_4650420_uploaded_image1_1710887873.jpg"
"1717201663-349","https://sn.coinafrique.com/categorie/autres-animaux?page=1","Chatons","Prix sur demande","Point E, Dakar, Sénégal","https://images.coinafrique.com/thumb_4646165_uploaded_image1_1710686670.jpg"
"1717201663-350","https://sn.coinafrique.com/categorie/autres-animaux?page=1","Chaton Himalayen","270 000CFA","Dakar Plateau, Dakar, Sénégal","https://images.coinafrique.com/thumb_4642742_uploaded_image1_1710476161.jpg"
"1717201663-351","https://sn.coinafrique.com/categorie/autres-animaux?page=1","Cage avec 3  oiseaux","60 000CFA","Dakar, Sénégal","https://images.coinafrique.com/thumb_4640165_uploaded_image1_1710330525.jpg"
"1717201663-352","https://sn.coinafrique.com/categorie/autres-animaux?page=1","Chaton Hymalayen Persan","270 000CFA","Dakar Plateau, Dakar, Sénégal","https://images.coinafrique.com/thumb_4639205_uploaded_image1_1710275204.jpg"
"1717201663-353","https://sn.coinafrique.com/categorie/autres-animaux?page=1","Chat Brittish Shorthair","700 000CFA","Dakar Plateau, Dakar, Sénégal","https://images.coinafrique.com/thumb_4629619_uploaded_image1_1709768692.jpg"
"1717201663-354","https://sn.coinafrique.com/categorie/autres-animaux?page=1","Chat Persan Chinchilla","400 000CFA","Dakar Plateau, Dakar, Sénégal","https://images.coinafrique.com/thumb_4623023_uploaded_image1_1709471973.jpg"
"1717201663-355","https://sn.coinafrique.com/categorie/autres-animaux?page=1","Poussins de canards","3 000CFA","Guediawaye, Dakar, Sénégal","https://images.coinafrique.com/thumb_4619825_uploaded_image1_1709296934.jpg"
"1717201663-356","https://sn.coinafrique.com/categorie/autres-animaux?page=1","Chaton","Prix sur demande","Ngor, Dakar, Sénégal","https://images.coinafrique.com/thumb_4608863_uploaded_image1_1708712110.jpg"
"1717201663-357","https://sn.coinafrique.com/categorie/autres-animaux?page=1","Chat Persan","400 000CFA","Dakar Plateau, Dakar, Sénégal","https://images.coinafrique.com/thumb_4608810_uploaded_image1_1708709820.jpg"
"1717201663-358","https://sn.coinafrique.com/categorie/autres-animaux?page=1","Chaton Siamois Hymalayen","240 000CFA","Dakar Plateau, Dakar, Sénégal","https://images.coinafrique.com/thumb_4593854_uploaded_image1_1707927839.jpg"
"1717201663-359","https://sn.coinafrique.com/categorie/autres-animaux?page=1","Chaton Radgoll","300 000CFA","Dakar Plateau, Dakar, Sénégal","https://images.coinafrique.com/thumb_4593844_uploaded_image1_1707927261.jpg"
"1717201663-360","https://sn.coinafrique.com/categorie/autres-animaux?page=1","Chaton Persan","400 000CFA","Dakar Plateau, Dakar, Sénégal","https://images.coinafrique.com/thumb_4592914_uploaded_image1_1707885493.jpg"
"1717201663-361","https://sn.coinafrique.com/categorie/autres-animaux?page=1","Chaton Scottish Fold","750 000CFA","Dakar Plateau, Dakar, Sénégal","https://images.coinafrique.com/thumb_4571582_uploaded_image1_1706729320.jpg"
"1717201663-362","https://sn.coinafrique.com/categorie/autres-animaux?page=1","Perroquet youyou","10 000CFA","Dieuppeul-Derklé, Dakar, Sénégal","https://images.coinafrique.com/thumb_4570755_uploaded_image2_1706701706.jpeg"
"1717201663-363","https://sn.coinafrique.com/categorie/autres-animaux?page=1","Chaton Persan","400 000CFA","Dakar Plateau, Dakar, Sénégal","https://images.coinafrique.com/thumb_4569529_uploaded_image1_1706630955.jpg"
"1717201663-364","https://sn.coinafrique.com/categorie/autres-animaux?page=1","Boeuf","600 000CFA","Mbao, Dakar, Sénégal","https://images.coinafrique.com/thumb_4568012_uploaded_image1_1706543950.jpg"
"1717201663-365","https://sn.coinafrique.com/categorie/autres-animaux?page=1","Cochons d'inde","20 000CFA","Keur Massar, Sénégal","https://images.coinafrique.com/thumb_4555313_uploaded_image1_1705776199.jpg"
"1717201663-366","https://sn.coinafrique.com/categorie/autres-animaux?page=1","Chaton Scotish Fold","750 000CFA","Fann, Dakar, Sénégal","https://images.coinafrique.com/thumb_4540889_uploaded_image1_1705029103.jpg"
"1717201663-367","https://sn.coinafrique.com/categorie/autres-animaux?page=1","Chaton Persan","400 000CFA","Dakar, Sénégal","https://images.coinafrique.com/thumb_4540876_uploaded_image1_1705028116.jpg"
"1717201663-368","https://sn.coinafrique.com/categorie/autres-animaux?page=1","Bœuf","Prix sur demande","Diamalaye 2, Dakar, Sénégal","https://images.coinafrique.com/thumb_4534540_uploaded_image1_1704746080.jpg"
"1717201663-369","https://sn.coinafrique.com/categorie/autres-animaux?page=1","Poissons aquarium","7 000CFA","Dakar Plateau, Dakar, Sénégal","https://images.coinafrique.com/thumb_4534116_uploaded_image2_1704727054.jpeg"
"1717201663-370","https://sn.coinafrique.com/categorie/autres-animaux?page=1","Chatons Serval","1 500 000CFA","Saint Louis, Sénégal","https://images.coinafrique.com/thumb_4517799_uploaded_image1_1703777941.jpg"
"1717201663-371","https://sn.coinafrique.com/categorie/autres-animaux?page=1","Couple dinde","40 000CFA","Kolda, Sénégal","https://images.coinafrique.com/thumb_4506000_uploaded_image1_1702997150.jpg"
"1717201663-372","https://sn.coinafrique.com/categorie/autres-animaux?page=1","Vaches","1 500 000CFA","Dakar, Sénégal","https://images.coinafrique.com/thumb_4504586_uploaded_image1_1702911785.jpg"
"1717201663-373","https://sn.coinafrique.com/categorie/autres-animaux?page=1","Cochons","20 000CFA","Keur Massar, Sénégal","https://images.coinafrique.com/thumb_4503064_uploaded_image1_1702806770.jpg"
"1717201663-374","https://sn.coinafrique.com/categorie/autres-animaux?page=1","Cochons","20 000CFA","Keur Massar, Sénégal","https://images.coinafrique.com/thumb_4503058_uploaded_image1_1702806558.jpg"
"1717201663-375","https://sn.coinafrique.com/categorie/autres-animaux?page=1","Chaton Siamois","300 000CFA","Dakar Plateau, Dakar, Sénégal","https://images.coinafrique.com/thumb_4497278_uploaded_image1_1702430702.jpg"
"1717201663-376","https://sn.coinafrique.com/categorie/autres-animaux?page=1","Chaton Persan","450 000CFA","Dakar Plateau, Dakar, Sénégal","https://images.coinafrique.com/thumb_4465805_uploaded_image1_1700515017.jpg"
"1717201663-377","https://sn.coinafrique.com/categorie/autres-animaux?page=1","Chaton Scottish Fold","800 000CFA","Dakar Plateau, Dakar, Sénégal","https://images.coinafrique.com/thumb_4465796_uploaded_image1_1700514601.jpg"
"1717201663-378","https://sn.coinafrique.com/categorie/autres-animaux?page=1","Pintade","75 000CFA","Guediawaye, Dakar, Sénégal","https://images.coinafrique.com/thumb_4465594_uploaded_image1_1700505532.jpg"
"1717201663-379","https://sn.coinafrique.com/categorie/autres-animaux?page=1","Brittish Shorthair","800 000CFA","Dakar Plateau, Dakar, Sénégal","https://images.coinafrique.com/thumb_4462219_uploaded_image1_1700244596.jpg"
"1717201663-380","https://sn.coinafrique.com/categorie/autres-animaux?page=1","Perruche Anglaise","40 000CFA","Dieuppeul-Derklé, Dakar, Sénégal","https://images.coinafrique.com/thumb_4456172_uploaded_image1_1699885668.jpg"
"1717201663-381","https://sn.coinafrique.com/categorie/autres-animaux?page=1","Perruches ondulées","15 000CFA","Dieuppeul-Derklé, Dakar, Sénégal","https://images.coinafrique.com/thumb_4456156_uploaded_image1_1699884359.jpg"
"1717201663-382","https://sn.coinafrique.com/categorie/autres-animaux?page=1","Cailles","1 500CFA","Dakar, Sénégal","https://images.coinafrique.com/thumb_4454743_uploaded_image1_1699793813.jpg"
"1717201663-383","https://sn.coinafrique.com/categorie/autres-animaux?page=1","Perruche ondulée","7 000CFA","Thies, Sénégal","https://images.coinafrique.com/thumb_4452994_uploaded_image1_1699659802.jpg"
"1717201663-384","https://sn.coinafrique.com/categorie/autres-animaux?page=1","Paon","250 000CFA","Dakar, Sénégal","https://images.coinafrique.com/thumb_4451044_uploaded_image1_1699554808.jpg"
"1717201663-385","https://sn.coinafrique.com/categorie/autres-animaux?page=1","Canards","Prix sur demande","Thies, Sénégal","https://images.coinafrique.com/thumb_4442030_uploaded_image1_1699015617.jpg"
"1717201663-386","https://sn.coinafrique.com/categorie/autres-animaux?page=1","Paon","65 000CFA","Yoff, Dakar, Sénégal","https://images.coinafrique.com/thumb_4435457_uploaded_image1_1698661056.jpg"
"1717201663-387","https://sn.coinafrique.com/categorie/autres-animaux?page=1","Hamster","15 000CFA","Dakar, Sénégal","https://images.coinafrique.com/thumb_4427120_uploaded_image1_1698074419.jpg"
"1717201663-388","https://sn.coinafrique.com/categorie/autres-animaux?page=1","Femelle Persan Chinchilla LOOF","260 000CFA","Sicap Liberté, Dakar, Sénégal","https://images.coinafrique.com/thumb_4423887_uploaded_image1_1697823206.jpg"
"1717201663-389","https://sn.coinafrique.com/categorie/autres-animaux?page=1","Chatons Persans Chinchillas LOOF","350 000CFA","Sicap Liberté, Dakar, Sénégal","https://images.coinafrique.com/thumb_4416717_uploaded_image1_1697292718.jpg"
"1717201663-390","https://sn.coinafrique.com/categorie/autres-animaux?page=1","Pintade","7 000CFA","Keur Massar, Sénégal","https://images.coinafrique.com/thumb_4412768_uploaded_image1_1697036744.jpg"
"1717201663-391","https://sn.coinafrique.com/categorie/autres-animaux?page=1","Perroquet","50 000CFA","Point E, Dakar, Sénégal","https://images.coinafrique.com/thumb_4411374_uploaded_image1_1696959883.jpg"
"1717201663-392","https://sn.coinafrique.com/categorie/autres-animaux?page=1","Oies de Toulouse","Prix sur demande","Thies, Sénégal","https://images.coinafrique.com/thumb_4409000_uploaded_image1_1696840958.jpg"
"1717201663-393","https://sn.coinafrique.com/categorie/autres-animaux?page=1","Dindes","30 000CFA","Guediawaye, Dakar, Sénégal","https://images.coinafrique.com/thumb_4408804_uploaded_image1_1696809535.jpg"
"1717201663-394","https://sn.coinafrique.com/categorie/autres-animaux?page=1","Pintades","40 000CFA","Guediawaye, Dakar, Sénégal","https://images.coinafrique.com/thumb_4408799_uploaded_image1_1696809191.jpg"
"1717201663-395","https://sn.coinafrique.com/categorie/autres-animaux?page=1","Veaux","450 000CFA","Pikine, Sénégal","https://images.coinafrique.com/thumb_4407653_uploaded_image1_1696730126.jpg"
"1717201663-396","https://sn.coinafrique.com/categorie/autres-animaux?page=1","Chèvre","80 000CFA","Thies, Sénégal","https://images.coinafrique.com/thumb_4387674_uploaded_image1_1695430824.jpg"
"1717201663-397","https://sn.coinafrique.com/categorie/autres-animaux?page=1","Chatons Persans Chinchillas","400 000CFA","Sicap Liberté, Dakar, Sénégal","https://images.coinafrique.com/thumb_4386800_uploaded_image1_1695383644.jpg"
"1717201663-398","https://sn.coinafrique.com/categorie/autres-animaux?page=1","Chat Persan","650 000CFA","Point E, Dakar, Sénégal","https://images.coinafrique.com/thumb_4386249_uploaded_image1_1695340690.jpg"
"1717201663-399","https://sn.coinafrique.com/categorie/autres-animaux?page=1","Dinde rouge pair","35 000CFA","Dakar, Sénégal","https://images.coinafrique.com/thumb_4381112_uploaded_image1_1695035479.jpg"
"1717201663-400","https://sn.coinafrique.com/categorie/autres-animaux?page=1","Bœuf","450 000CFA","Dakar, Sénégal","https://images.coinafrique.com/thumb_4379382_uploaded_image1_1694875556.jpg"
"1717201663-401","https://sn.coinafrique.com/categorie/autres-animaux?page=1","Chaton","Prix sur demande","Ouest Foire, Dakar, Sénégal","https://images.coinafrique.com/thumb_4365267_uploaded_image1_1694000653.jpg"
"1717201663-402","https://sn.coinafrique.com/categorie/autres-animaux?page=1","Vache","1 500 000CFA","Cambérène, Dakar, Sénégal","https://images.coinafrique.com/thumb_4343608_uploaded_image1_1692570567.jpg"
"1717201663-403","https://sn.coinafrique.com/categorie/autres-animaux?page=1","Vache","1 800 000CFA","Cambérène, Dakar, Sénégal","https://images.coinafrique.com/thumb_4343601_uploaded_image1_1692569896.jpg"
"1717201663-404","https://sn.coinafrique.com/categorie/autres-animaux?page=1","Taureau","320 000CFA","Rufisque, Sénégal","https://images.coinafrique.com/thumb_4335558_uploaded_image1_1692061499.jpg"
"1717201663-405","https://sn.coinafrique.com/categorie/autres-animaux?page=1","Chatons","450 000CFA","Sicap Liberté, Dakar, Sénégal","https://images.coinafrique.com/thumb_4335094_uploaded_image1_1692032438.jpg"
"1717201663-406","https://sn.coinafrique.com/categorie/autres-animaux?page=1","Chaton Gimalayen Siamois","250 000CFA","Fann, Dakar, Sénégal","https://images.coinafrique.com/thumb_4333502_uploaded_image1_1691932427.jpg"
"1717201663-407","https://sn.coinafrique.com/categorie/autres-animaux?page=1","Perruches ondulées","20 000CFA","Point E, Dakar, Sénégal","https://images.coinafrique.com/thumb_4331659_uploaded_image1_1691773285.jpg"
"1717201663-408","https://sn.coinafrique.com/categorie/autres-animaux?page=1","Perroquets","60 000CFA","Point E, Dakar, Sénégal","https://images.coinafrique.com/thumb_4331654_uploaded_image1_1691772808.jpg"
"1717201663-409","https://sn.coinafrique.com/categorie/autres-animaux?page=1","Chatons  British shorthair","650 000CFA","Dakar Plateau, Dakar, Sénégal","https://images.coinafrique.com/thumb_4328377_uploaded_image1_1691583410.jpg"
